,DayofMonth,DayOfWeek,IATA_Code_Marketing_Airline,IATA_Code_Operating_Airline,Origin,OriginState,OriginStateName,Dest,DestState,DestStateName,DepDelay,DepDelayMinutes,DepTimeBlk,ArrDelay,ArrDelayMinutes,ArrTimeBlk,Cancelled,Distance
293856,20,6,NK,NK,MCO,FL,Florida,LBE,PA,Pennsylvania,-7.0,0.0,1200-1259,-6.0,0.0,1400-1459,0.0,823.0
558598,27,6,AS,AS,BRW,AK,Alaska,ANC,AK,Alaska,-9.0,0.0,1700-1759,-7.0,0.0,1900-1959,0.0,725.0
452814,24,3,DL,9E,BGM,NY,New York,DTW,MI,Michigan,232.0,232.0,0001-0559,200.0,200.0,0700-0759,0.0,378.0
339732,27,6,UA,OO,CNY,UT,Utah,DEN,CO,Colorado,-8.0,0.0,1800-1859,-8.0,0.0,1900-1959,0.0,283.0
363713,12,5,DL,OO,EKO,NV,Nevada,SLC,UT,Utah,-2.0,0.0,0600-0659,-18.0,0.0,0800-0859,0.0,200.0
564520,18,4,AS,QX,DLG,AK,Alaska,ANC,AK,Alaska,-16.0,0.0,1200-1259,-4.0,0.0,1300-1359,0.0,329.0
246081,12,5,G4,G4,SWF,NY,New York,PGD,FL,Florida,-5.0,0.0,1100-1159,-6.0,0.0,1400-1459,0.0,1101.0
453300,12,5,DL,9E,DTW,MI,Michigan,BGM,NY,New York,,,2100-2159,,,2200-2259,1.0,378.0
241052,2,2,G4,G4,PIE,FL,Florida,CKB,WV,West Virginia,11.0,11.0,1300-1359,38.0,38.0,1500-1559,0.0,798.0
293867,31,3,NK,NK,MCO,FL,Florida,LBE,PA,Pennsylvania,-10.0,0.0,0900-0959,-8.0,0.0,1100-1159,0.0,823.0
323625,7,7,UA,OO,CNY,UT,Utah,DEN,CO,Colorado,,,1800-1859,,,1900-1959,1.0,283.0
245105,4,4,G4,G4,PGD,FL,Florida,PSM,NH,New Hampshire,-4.0,0.0,0700-0759,-15.0,0.0,1000-1059,0.0,1279.0
240329,11,4,G4,G4,PIE,FL,Florida,SWF,NY,New York,-5.0,0.0,0800-0859,-24.0,0.0,1100-1159,0.0,1055.0
359851,15,1,UA,OO,SFO,CA,California,OTH,OR,Oregon,-11.0,0.0,1100-1159,-22.0,0.0,1300-1359,0.0,412.0
245958,22,1,G4,G4,PSM,NH,New Hampshire,PGD,FL,Florida,161.0,161.0,1800-1859,141.0,141.0,2200-2259,0.0,1279.0
338777,26,5,UA,OO,SFO,CA,California,OTH,OR,Oregon,-10.0,0.0,1100-1159,-30.0,0.0,1300-1359,0.0,412.0
241284,9,2,G4,G4,PGD,FL,Florida,IAG,NY,New York,12.0,12.0,1000-1059,-12.0,0.0,1200-1259,0.0,1129.0
293678,12,5,NK,NK,LBE,PA,Pennsylvania,MCO,FL,Florida,-10.0,0.0,1200-1259,-1.0,0.0,1500-1559,0.0,823.0
362394,11,4,DL,OO,SLC,UT,Utah,EKO,NV,Nevada,-3.0,0.0,2100-2159,-17.0,0.0,2100-2159,0.0,200.0
323367,5,5,UA,OO,LBL,KS,Kansas,DEN,CO,Colorado,10.0,10.0,1200-1259,-2.0,0.0,1200-1259,0.0,280.0
561966,4,4,AS,QX,DLG,AK,Alaska,ANC,AK,Alaska,43.0,43.0,1200-1259,42.0,42.0,1300-1359,0.0,329.0
337807,31,3,UA,OO,SFO,CA,California,OTH,OR,Oregon,-2.0,0.0,1100-1159,-16.0,0.0,1300-1359,0.0,412.0
293839,3,3,NK,NK,MCO,FL,Florida,LBE,PA,Pennsylvania,-5.0,0.0,0900-0959,-1.0,0.0,1100-1159,0.0,823.0
546857,6,6,AS,AS,ADK,AK,Alaska,ANC,AK,Alaska,,,1400-1459,,,1800-1859,1.0,1192.0
560261,30,2,AS,AS,ANC,AK,Alaska,BRW,AK,Alaska,18.0,18.0,1400-1459,14.0,14.0,1600-1659,0.0,725.0
325054,1,1,UA,OO,DEN,CO,Colorado,CNY,UT,Utah,-8.0,0.0,1600-1659,-17.0,0.0,1700-1759,0.0,283.0
338347,22,1,UA,OO,SFO,CA,California,OTH,OR,Oregon,-1.0,0.0,1100-1159,-15.0,0.0,1300-1359,0.0,412.0
245886,21,7,G4,G4,SWF,NY,New York,PIE,FL,Florida,-3.0,0.0,1100-1159,-28.0,0.0,1500-1559,0.0,1055.0
452803,13,6,DL,9E,BGM,NY,New York,DTW,MI,Michigan,,,0001-0559,,,0700-0759,1.0,378.0
359961,15,1,UA,OO,OTH,OR,Oregon,SFO,CA,California,8.0,8.0,1300-1359,-4.0,0.0,1500-1559,0.0,412.0
451810,3,3,DL,9E,LGA,NY,New York,BGM,NY,New York,-11.0,0.0,1900-1959,-28.0,0.0,2100-2159,0.0,147.0
239980,28,7,G4,G4,TOL,OH,Ohio,PGD,FL,Florida,-7.0,0.0,1100-1159,-26.0,0.0,1400-1459,0.0,1016.0
293843,7,7,NK,NK,MCO,FL,Florida,LBE,PA,Pennsylvania,8.0,8.0,1000-1059,1.0,1.0,1300-1359,0.0,823.0
293850,14,7,NK,NK,MCO,FL,Florida,LBE,PA,Pennsylvania,-9.0,0.0,1000-1059,-26.0,0.0,1200-1259,0.0,823.0
242147,8,1,G4,G4,PIE,FL,Florida,TOL,OH,Ohio,-7.0,0.0,0700-0759,-18.0,0.0,1000-1059,0.0,945.0
243292,11,4,G4,G4,STC,MN,Minnesota,PGD,FL,Florida,-11.0,0.0,1800-1859,-14.0,0.0,2200-2259,0.0,1447.0
562183,5,5,AS,QX,DLG,AK,Alaska,ANC,AK,Alaska,,,1200-1259,,,1300-1359,1.0,329.0
562367,6,6,AS,QX,DLG,AK,Alaska,ANC,AK,Alaska,40.0,40.0,1200-1259,35.0,35.0,1300-1359,0.0,329.0
544103,2,2,AS,AS,BRW,AK,Alaska,ANC,AK,Alaska,,,1700-1759,,,1900-1959,1.0,725.0
363615,6,6,DL,OO,EKO,NV,Nevada,SLC,UT,Utah,-3.0,0.0,0600-0659,-29.0,0.0,0800-0859,0.0,200.0
293697,31,3,NK,NK,LBE,PA,Pennsylvania,MCO,FL,Florida,-6.0,0.0,1200-1259,-26.0,0.0,1500-1559,0.0,823.0
239654,12,5,G4,G4,TOL,OH,Ohio,SFB,FL,Florida,-6.0,0.0,2000-2059,8.0,8.0,2300-2359,0.0,895.0
315896,17,3,UA,OO,DEN,CO,Colorado,CNY,UT,Utah,97.0,97.0,1400-1459,90.0,90.0,1500-1559,0.0,283.0
239507,29,1,G4,G4,PSM,NH,New Hampshire,PGD,FL,Florida,61.0,61.0,1800-1859,50.0,50.0,2200-2259,0.0,1279.0
252609,4,4,HA,HA,HNL,HI,Hawaii,PPG,TT,U.S. Pacific Trust Territories and Possessions,0.0,0.0,1600-1659,-2.0,0.0,2100-2159,0.0,2599.0
293844,8,1,NK,NK,MCO,FL,Florida,LBE,PA,Pennsylvania,24.0,24.0,0900-0959,14.0,14.0,1100-1159,0.0,823.0
544851,3,3,AS,AS,ADK,AK,Alaska,ANC,AK,Alaska,,,1400-1459,,,1800-1859,1.0,1192.0
548608,9,2,AS,AS,ANC,AK,Alaska,BRW,AK,Alaska,90.0,90.0,1400-1459,73.0,73.0,1600-1659,0.0,725.0
358838,29,1,DL,OO,EKO,NV,Nevada,SLC,UT,Utah,-10.0,0.0,0600-0659,-15.0,0.0,0800-0859,0.0,200.0
367666,10,3,UA,OO,SFO,CA,California,OTH,OR,Oregon,-7.0,0.0,1100-1159,,,1300-1359,0.0,412.0
452800,10,3,DL,9E,BGM,NY,New York,DTW,MI,Michigan,-4.0,0.0,0001-0559,-50.0,0.0,0700-0759,0.0,378.0
565916,26,5,AS,QX,ANC,AK,Alaska,AKN,AK,Alaska,146.0,146.0,1500-1559,143.0,143.0,1600-1659,0.0,288.0
243087,15,1,G4,G4,SFB,FL,Florida,HGR,MD,Maryland,37.0,37.0,1700-1759,20.0,20.0,1900-1959,0.0,780.0
453306,18,4,DL,9E,DTW,MI,Michigan,BGM,NY,New York,-10.0,0.0,2100-2159,-30.0,0.0,2200-2259,0.0,378.0
324563,8,1,UA,OO,DEN,CO,Colorado,CNY,UT,Utah,-10.0,0.0,1600-1659,2.0,2.0,1700-1759,0.0,283.0
244156,19,5,G4,G4,PSM,NH,New Hampshire,PGD,FL,Florida,20.0,20.0,1800-1859,12.0,12.0,2200-2259,0.0,1279.0
311627,20,6,UA,OO,DEN,CO,Colorado,CNY,UT,Utah,2.0,2.0,1400-1459,2.0,2.0,1500-1559,0.0,283.0
293854,18,4,NK,NK,MCO,FL,Florida,LBE,PA,Pennsylvania,114.0,114.0,1000-1059,107.0,107.0,1200-1259,0.0,823.0
325719,19,5,UA,OO,SFO,CA,California,OTH,OR,Oregon,-6.0,0.0,1100-1159,-4.0,0.0,1300-1359,0.0,412.0
419111,18,4,UA,UA,SPN,TT,U.S. Pacific Trust Territories and Possessions,GUM,TT,U.S. Pacific Trust Territories and Possessions,-18.0,0.0,0900-0959,-17.0,0.0,1000-1059,0.0,129.0
240480,25,4,G4,G4,PIE,FL,Florida,SWF,NY,New York,7.0,7.0,0800-0859,-4.0,0.0,1100-1159,0.0,1055.0
351304,14,7,DL,OO,EKO,NV,Nevada,SLC,UT,Utah,0.0,0.0,0600-0659,-10.0,0.0,0800-0859,0.0,200.0
452820,30,2,DL,9E,BGM,NY,New York,DTW,MI,Michigan,-6.0,0.0,0001-0559,2.0,2.0,0700-0759,0.0,378.0
565760,25,4,AS,QX,ANC,AK,Alaska,DLG,AK,Alaska,0.0,0.0,1000-1059,1.0,1.0,1100-1159,0.0,329.0
239947,20,6,G4,G4,AZA,AZ,Arizona,STC,MN,Minnesota,-6.0,0.0,0700-0759,-29.0,0.0,1100-1159,0.0,1259.0
564712,19,5,AS,QX,ANC,AK,Alaska,DLG,AK,Alaska,-3.0,0.0,1000-1059,-16.0,0.0,1100-1159,0.0,329.0
242107,31,3,G4,G4,PGD,FL,Florida,IAG,NY,New York,-2.0,0.0,1000-1059,13.0,13.0,1300-1359,0.0,1129.0
344606,12,5,UA,OO,SFO,CA,California,OTH,OR,Oregon,-9.0,0.0,1100-1159,-15.0,0.0,1300-1359,0.0,412.0
239068,4,4,G4,G4,HGR,MD,Maryland,PIE,FL,Florida,-11.0,0.0,2100-2159,-27.0,0.0,2300-2359,0.0,861.0
245807,12,5,G4,G4,IAG,NY,New York,PGD,FL,Florida,-5.0,0.0,1100-1159,2.0,2.0,1400-1459,0.0,1129.0
238773,25,4,G4,G4,SMX,CA,California,LAS,NV,Nevada,-5.0,0.0,1600-1659,6.0,6.0,1800-1859,0.0,310.0
319361,16,2,DL,OO,EKO,NV,Nevada,SLC,UT,Utah,-2.0,0.0,0600-0659,-9.0,0.0,0800-0859,0.0,200.0
246428,11,4,G4,G4,PGD,FL,Florida,STC,MN,Minnesota,-8.0,0.0,1400-1459,-12.0,0.0,1700-1759,0.0,1447.0
242122,18,4,G4,G4,PGD,FL,Florida,STC,MN,Minnesota,18.0,18.0,1400-1459,5.0,5.0,1700-1759,0.0,1447.0
453305,17,3,DL,9E,DTW,MI,Michigan,BGM,NY,New York,129.0,129.0,2100-2159,117.0,117.0,2200-2259,0.0,378.0
324087,3,3,UA,OO,LBL,KS,Kansas,DEN,CO,Colorado,-5.0,0.0,1200-1259,-16.0,0.0,1200-1259,0.0,280.0
358776,5,5,DL,OO,SLC,UT,Utah,EKO,NV,Nevada,-7.0,0.0,2100-2159,-19.0,0.0,2100-2159,0.0,200.0
326846,17,3,UA,OO,OTH,OR,Oregon,SFO,CA,California,,,1300-1359,,,1500-1559,1.0,412.0
252608,3,3,HA,HA,HNL,HI,Hawaii,PPG,TT,U.S. Pacific Trust Territories and Possessions,7.0,7.0,1600-1659,-13.0,0.0,2100-2159,0.0,2599.0
242137,1,1,G4,G4,IAG,NY,New York,PIE,FL,Florida,-6.0,0.0,2000-2059,-17.0,0.0,2300-2359,0.0,1069.0
562774,8,1,AS,QX,AKN,AK,Alaska,ANC,AK,Alaska,58.0,58.0,1700-1759,49.0,49.0,1800-1859,0.0,288.0
334653,5,5,UA,OO,SFO,CA,California,OTH,OR,Oregon,-2.0,0.0,1100-1159,6.0,6.0,1200-1259,0.0,412.0
549189,10,3,AS,AS,ADK,AK,Alaska,ANC,AK,Alaska,-17.0,0.0,1400-1459,-21.0,0.0,1800-1859,0.0,1192.0
244766,3,3,G4,G4,TOL,OH,Ohio,PGD,FL,Florida,32.0,32.0,1100-1159,71.0,71.0,1300-1359,0.0,1016.0
244550,5,5,G4,G4,STC,MN,Minnesota,AZA,AZ,Arizona,-10.0,0.0,2000-2059,-13.0,0.0,2200-2259,0.0,1259.0
550932,13,6,AS,AS,ANC,AK,Alaska,ADK,AK,Alaska,10.0,10.0,1100-1159,11.0,11.0,1300-1359,0.0,1192.0
339417,23,2,UA,OO,DEN,CO,Colorado,CNY,UT,Utah,49.0,49.0,1400-1459,36.0,36.0,1500-1559,0.0,283.0
293690,24,3,NK,NK,LBE,PA,Pennsylvania,MCO,FL,Florida,-6.0,0.0,1200-1259,-25.0,0.0,1500-1559,0.0,823.0
323996,5,5,UA,OO,DDC,KS,Kansas,LBL,KS,Kansas,1.0,1.0,1100-1159,30.0,30.0,1100-1159,0.0,74.0
252624,22,1,HA,HA,PPG,TT,U.S. Pacific Trust Territories and Possessions,HNL,HI,Hawaii,36.0,36.0,2300-2359,43.0,43.0,0001-0559,0.0,2599.0
244959,28,7,G4,G4,SWF,NY,New York,PIE,FL,Florida,-11.0,0.0,1100-1159,-20.0,0.0,1500-1559,0.0,1055.0
544850,3,3,AS,AS,ANC,AK,Alaska,ADK,AK,Alaska,,,1100-1159,,,1300-1359,1.0,1192.0
424908,4,4,UA,UA,SPN,TT,U.S. Pacific Trust Territories and Possessions,GUM,TT,U.S. Pacific Trust Territories and Possessions,-12.0,0.0,0900-0959,-15.0,0.0,1000-1059,0.0,129.0
566319,28,7,AS,QX,AKN,AK,Alaska,ANC,AK,Alaska,12.0,12.0,1700-1759,8.0,8.0,1800-1859,0.0,288.0
242061,7,7,G4,G4,PGD,FL,Florida,SWF,NY,New York,-10.0,0.0,1600-1659,-19.0,0.0,1900-1959,0.0,1101.0
245174,11,4,G4,G4,TOL,OH,Ohio,PGD,FL,Florida,120.0,120.0,1100-1159,121.0,121.0,1400-1459,0.0,1016.0
325552,19,5,UA,OO,CNY,UT,Utah,DEN,CO,Colorado,-10.0,0.0,1800-1859,-19.0,0.0,1900-1959,0.0,283.0
563465,12,5,AS,QX,ANC,AK,Alaska,DLG,AK,Alaska,-4.0,0.0,1000-1059,-17.0,0.0,1100-1159,0.0,329.0
346955,14,7,UA,OO,OTH,OR,Oregon,SFO,CA,California,2.0,2.0,1300-1359,-17.0,0.0,1500-1559,0.0,412.0
336772,28,7,UA,OO,SFO,CA,California,OTH,OR,Oregon,-9.0,0.0,1100-1159,-20.0,0.0,1300-1359,0.0,412.0
550237,12,5,AS,AS,BRW,AK,Alaska,ANC,AK,Alaska,5.0,5.0,1700-1759,2.0,2.0,1900-1959,0.0,725.0
319852,26,5,DL,OO,EKO,NV,Nevada,SLC,UT,Utah,-2.0,0.0,0600-0659,-8.0,0.0,0800-0859,0.0,200.0
566612,30,2,AS,QX,ANC,AK,Alaska,BRW,AK,Alaska,9.0,9.0,0700-0759,7.0,7.0,0900-0959,0.0,725.0
243533,6,6,G4,G4,IAG,NY,New York,PIE,FL,Florida,-6.0,0.0,1800-1859,31.0,31.0,2100-2159,0.0,1069.0
244295,15,1,G4,G4,MYR,SC,South Carolina,SWF,NY,New York,24.0,24.0,1500-1559,6.0,6.0,1700-1759,0.0,601.0
453304,16,2,DL,9E,DTW,MI,Michigan,BGM,NY,New York,151.0,151.0,2100-2159,142.0,142.0,2200-2259,0.0,378.0
241796,21,7,G4,G4,PIE,FL,Florida,TOL,OH,Ohio,-8.0,0.0,1500-1559,-20.0,0.0,1800-1859,0.0,945.0
240134,18,4,G4,G4,PGD,FL,Florida,TOL,OH,Ohio,-3.0,0.0,0700-0759,-6.0,0.0,1000-1059,0.0,1016.0
331860,24,3,DL,OO,EKO,NV,Nevada,SLC,UT,Utah,122.0,122.0,0600-0659,103.0,103.0,0800-0859,0.0,200.0
339841,29,1,UA,OO,DEN,CO,Colorado,CNY,UT,Utah,-10.0,0.0,1400-1459,-21.0,0.0,1500-1559,0.0,283.0
400882,24,3,UA,UA,GUM,TT,U.S. Pacific Trust Territories and Possessions,SPN,TT,U.S. Pacific Trust Territories and Possessions,-10.0,0.0,0800-0859,-14.0,0.0,0800-0859,0.0,129.0
238575,21,7,G4,G4,SFB,FL,Florida,PSM,NH,New Hampshire,22.0,22.0,0700-0759,13.0,13.0,1000-1059,0.0,1144.0
244960,29,1,G4,G4,IAG,NY,New York,PGD,FL,Florida,23.0,23.0,1100-1159,16.0,16.0,1400-1459,0.0,1129.0
242975,15,1,G4,G4,SFB,FL,Florida,TOL,OH,Ohio,-1.0,0.0,1700-1759,-18.0,0.0,2000-2059,0.0,895.0
245752,13,6,G4,G4,SFB,FL,Florida,IAG,NY,New York,,,1200-1259,,,1400-1459,1.0,996.0
359450,6,6,UA,OO,CNY,UT,Utah,DEN,CO,Colorado,-7.0,0.0,1800-1859,-12.0,0.0,1900-1959,0.0,283.0
369923,31,3,UA,UA,SPN,TT,U.S. Pacific Trust Territories and Possessions,GUM,TT,U.S. Pacific Trust Territories and Possessions,-20.0,0.0,0900-0959,-28.0,0.0,1000-1059,0.0,129.0
245652,25,4,G4,G4,PIE,FL,Florida,IAG,NY,New York,122.0,122.0,0800-0859,137.0,137.0,1100-1159,0.0,1069.0
556393,23,2,AS,AS,ANC,AK,Alaska,BRW,AK,Alaska,,,1400-1459,,,1600-1659,1.0,725.0
553085,17,3,AS,AS,ANC,AK,Alaska,ADK,AK,Alaska,-5.0,0.0,1100-1159,-37.0,0.0,1300-1359,0.0,1192.0
293855,19,5,NK,NK,MCO,FL,Florida,LBE,PA,Pennsylvania,2.0,2.0,0900-0959,3.0,3.0,1100-1159,0.0,823.0
448930,7,7,DL,9E,BGM,NY,New York,LGA,NY,New York,107.0,107.0,1600-1659,153.0,153.0,1700-1759,0.0,147.0
422931,5,5,UA,UA,GUM,TT,U.S. Pacific Trust Territories and Possessions,SPN,TT,U.S. Pacific Trust Territories and Possessions,-7.0,0.0,0800-0859,-11.0,0.0,0800-0859,0.0,129.0
551350,14,7,AS,AS,ANC,AK,Alaska,BRW,AK,Alaska,-2.0,0.0,1400-1459,,,1600-1659,1.0,725.0
240955,5,5,G4,G4,SFB,FL,Florida,HGR,MD,Maryland,5.0,5.0,1800-1859,-8.0,0.0,2000-2059,0.0,780.0
379505,15,1,UA,UA,GUM,TT,U.S. Pacific Trust Territories and Possessions,SPN,TT,U.S. Pacific Trust Territories and Possessions,-13.0,0.0,0800-0859,-15.0,0.0,0800-0859,0.0,129.0
242235,26,5,G4,G4,SFB,FL,Florida,TOL,OH,Ohio,-20.0,0.0,1600-1659,-35.0,0.0,1900-1959,0.0,895.0
243815,5,5,G4,G4,SFB,FL,Florida,SWF,NY,New York,-4.0,0.0,1700-1759,2.0,2.0,1900-1959,0.0,965.0
244943,25,4,G4,G4,IAG,NY,New York,PIE,FL,Florida,192.0,192.0,1100-1159,181.0,181.0,1500-1559,0.0,1069.0
238533,5,5,G4,G4,PSM,NH,New Hampshire,PGD,FL,Florida,29.0,29.0,1100-1159,34.0,34.0,1500-1559,0.0,1279.0
338990,21,7,UA,OO,CNY,UT,Utah,DEN,CO,Colorado,-18.0,0.0,1800-1859,-7.0,0.0,1900-1959,0.0,283.0
424907,4,4,UA,UA,GUM,TT,U.S. Pacific Trust Territories and Possessions,SPN,TT,U.S. Pacific Trust Territories and Possessions,-12.0,0.0,0800-0859,-17.0,0.0,0800-0859,0.0,129.0
245277,3,3,G4,G4,PGD,FL,Florida,STC,MN,Minnesota,18.0,18.0,1400-1459,13.0,13.0,1700-1759,0.0,1447.0
452811,21,7,DL,9E,BGM,NY,New York,DTW,MI,Michigan,-1.0,0.0,0001-0559,20.0,20.0,0700-0759,0.0,378.0
240245,26,5,G4,G4,SWF,NY,New York,MYR,SC,South Carolina,111.0,111.0,1800-1859,114.0,114.0,2000-2059,0.0,601.0
246214,5,5,G4,G4,SFB,FL,Florida,IAG,NY,New York,-7.0,0.0,0800-0859,-16.0,0.0,1000-1059,0.0,996.0
241314,19,5,G4,G4,PGD,FL,Florida,PSM,NH,New Hampshire,24.0,24.0,1400-1459,14.0,14.0,1700-1759,0.0,1279.0
311693,20,6,UA,OO,CNY,UT,Utah,DEN,CO,Colorado,-10.0,0.0,1800-1859,-10.0,0.0,1900-1959,0.0,283.0
332573,9,2,UA,OO,DEN,CO,Colorado,CNY,UT,Utah,-2.0,0.0,1400-1459,-4.0,0.0,1500-1559,0.0,283.0
322682,28,7,UA,OO,OTH,OR,Oregon,SFO,CA,California,-10.0,0.0,1300-1359,-8.0,0.0,1500-1559,0.0,412.0
326940,17,3,UA,OO,CNY,UT,Utah,DEN,CO,Colorado,-21.0,0.0,1800-1859,-6.0,0.0,1900-1959,0.0,283.0
332392,3,3,UA,OO,CNY,UT,Utah,DEN,CO,Colorado,-10.0,0.0,1800-1859,-16.0,0.0,1900-1959,0.0,283.0
239202,3,3,G4,G4,STC,MN,Minnesota,PGD,FL,Florida,12.0,12.0,1800-1859,-9.0,0.0,2200-2259,0.0,1447.0
402735,23,2,UA,UA,GUM,TT,U.S. Pacific Trust Territories and Possessions,SPN,TT,U.S. Pacific Trust Territories and Possessions,-12.0,0.0,0800-0859,-18.0,0.0,0800-0859,0.0,129.0
293689,23,2,NK,NK,LBE,PA,Pennsylvania,MCO,FL,Florida,-15.0,0.0,1300-1359,-31.0,0.0,1500-1559,0.0,823.0
243447,19,5,G4,G4,MYR,SC,South Carolina,SWF,NY,New York,2.0,2.0,1500-1559,-2.0,0.0,1700-1759,0.0,601.0
448931,7,7,DL,9E,LGA,NY,New York,BGM,NY,New York,95.0,95.0,1300-1359,103.0,103.0,1400-1459,0.0,147.0
353413,28,7,DL,OO,EKO,NV,Nevada,SLC,UT,Utah,-10.0,0.0,0600-0659,-20.0,0.0,0800-0859,0.0,200.0
451282,1,1,DL,9E,BGM,NY,New York,LGA,NY,New York,-2.0,0.0,0700-0759,17.0,17.0,0800-0859,0.0,147.0
332279,6,6,UA,OO,DEN,CO,Colorado,LBL,KS,Kansas,14.0,14.0,1500-1559,7.0,7.0,1700-1759,0.0,280.0
364172,9,2,DL,OO,EKO,NV,Nevada,SLC,UT,Utah,-3.0,0.0,0600-0659,-23.0,0.0,0800-0859,0.0,200.0
246751,28,7,G4,G4,SFB,FL,Florida,PSM,NH,New Hampshire,-19.0,0.0,0700-0759,-47.0,0.0,1000-1059,0.0,1144.0
245900,6,6,G4,G4,PGD,FL,Florida,PSM,NH,New Hampshire,-5.0,0.0,0700-0759,-27.0,0.0,1000-1059,0.0,1279.0
564317,17,3,AS,QX,ANC,AK,Alaska,DLG,AK,Alaska,-6.0,0.0,1000-1059,-25.0,0.0,1100-1159,0.0,329.0
244326,28,7,G4,G4,PIE,FL,Florida,HGR,MD,Maryland,-10.0,0.0,0800-0859,-29.0,0.0,1000-1059,0.0,861.0
238486,17,3,G4,G4,AZA,AZ,Arizona,STC,MN,Minnesota,-13.0,0.0,0900-0959,-17.0,0.0,1300-1359,0.0,1259.0
336018,25,4,UA,OO,CNY,UT,Utah,DEN,CO,Colorado,-2.0,0.0,1800-1859,-14.0,0.0,1900-1959,0.0,283.0
420969,6,6,UA,UA,SPN,TT,U.S. Pacific Trust Territories and Possessions,GUM,TT,U.S. Pacific Trust Territories and Possessions,-12.0,0.0,0900-0959,-12.0,0.0,1000-1059,0.0,129.0
243654,31,3,G4,G4,AZA,AZ,Arizona,STC,MN,Minnesota,-5.0,0.0,0900-0959,-9.0,0.0,1300-1359,0.0,1259.0
563764,14,7,AS,QX,ANC,AK,Alaska,AKN,AK,Alaska,52.0,52.0,1500-1559,50.0,50.0,1600-1659,0.0,288.0
565051,21,7,AS,QX,ANC,AK,Alaska,DLG,AK,Alaska,13.0,13.0,1000-1059,6.0,6.0,1100-1159,0.0,329.0
246288,29,1,G4,G4,MYR,SC,South Carolina,SWF,NY,New York,-24.0,0.0,1500-1559,-28.0,0.0,1700-1759,0.0,601.0
238413,4,4,G4,G4,SMX,CA,California,LAS,NV,Nevada,362.0,362.0,1500-1559,349.0,349.0,1600-1659,0.0,310.0
293676,10,3,NK,NK,LBE,PA,Pennsylvania,MCO,FL,Florida,34.0,34.0,1200-1259,51.0,51.0,1500-1559,0.0,823.0
239159,20,6,G4,G4,PGD,FL,Florida,TOL,OH,Ohio,0.0,0.0,1500-1559,3.0,3.0,1800-1859,0.0,1016.0
240857,22,1,G4,G4,SWF,NY,New York,MYR,SC,South Carolina,-29.0,0.0,1800-1859,-44.0,0.0,2000-2059,0.0,601.0
363338,4,4,DL,OO,SLC,UT,Utah,EKO,NV,Nevada,-3.0,0.0,2100-2159,-30.0,0.0,2100-2159,0.0,200.0
238447,18,4,G4,G4,STC,MN,Minnesota,PGD,FL,Florida,9.0,9.0,1800-1859,-4.0,0.0,2200-2259,0.0,1447.0
452801,11,4,DL,9E,BGM,NY,New York,DTW,MI,Michigan,-4.0,0.0,0001-0559,-9.0,0.0,0700-0759,0.0,378.0
358313,17,3,DL,OO,SLC,UT,Utah,EKO,NV,Nevada,-3.0,0.0,2100-2159,-16.0,0.0,2100-2159,0.0,200.0
547378,7,7,AS,AS,ANC,AK,Alaska,BRW,AK,Alaska,213.0,213.0,1400-1459,226.0,226.0,1600-1659,0.0,725.0
357215,4,4,UA,OO,DEN,CO,Colorado,LBL,KS,Kansas,86.0,86.0,1500-1559,,,1700-1759,0.0,280.0
397699,11,4,UA,UA,SPN,TT,U.S. Pacific Trust Territories and Possessions,GUM,TT,U.S. Pacific Trust Territories and Possessions,-17.0,0.0,0900-0959,-21.0,0.0,1000-1059,0.0,129.0
238628,28,7,G4,G4,PIE,FL,Florida,SWF,NY,New York,-6.0,0.0,0800-0859,-24.0,0.0,1100-1159,0.0,1055.0
417148,19,5,UA,UA,SPN,TT,U.S. Pacific Trust Territories and Possessions,GUM,TT,U.S. Pacific Trust Territories and Possessions,-22.0,0.0,0900-0959,-30.0,0.0,1000-1059,0.0,129.0
293687,21,7,NK,NK,LBE,PA,Pennsylvania,MCO,FL,Florida,61.0,61.0,1300-1359,75.0,75.0,1600-1659,0.0,823.0
559084,28,7,AS,AS,BRW,AK,Alaska,ANC,AK,Alaska,,,1700-1759,,,1900-1959,1.0,725.0
453310,22,1,DL,9E,DTW,MI,Michigan,BGM,NY,New York,-2.0,0.0,2100-2159,39.0,39.0,2200-2259,0.0,378.0
241258,29,1,G4,G4,FSD,SD,South Dakota,STC,MN,Minnesota,28.0,28.0,0900-0959,49.0,49.0,0900-0959,0.0,190.0
453319,31,3,DL,9E,DTW,MI,Michigan,BGM,NY,New York,-5.0,0.0,2100-2159,-17.0,0.0,2200-2259,0.0,378.0
245705,31,3,G4,G4,STC,MN,Minnesota,AZA,AZ,Arizona,12.0,12.0,1400-1459,-18.0,0.0,1600-1659,0.0,1259.0
452818,28,7,DL,9E,BGM,NY,New York,DTW,MI,Michigan,-6.0,0.0,0001-0559,-34.0,0.0,0700-0759,0.0,378.0
556950,24,3,AS,AS,ADK,AK,Alaska,ANC,AK,Alaska,-2.0,0.0,1400-1459,5.0,5.0,1800-1859,0.0,1192.0
562352,6,6,AS,QX,ANC,AK,Alaska,DLG,AK,Alaska,4.0,4.0,0900-0959,8.0,8.0,1100-1159,0.0,329.0
242171,2,2,G4,G4,PGD,FL,Florida,SWF,NY,New York,-1.0,0.0,0600-0659,0.0,0.0,0800-0859,0.0,1101.0
242966,2,2,G4,G4,CKB,WV,West Virginia,PIE,FL,Florida,36.0,36.0,1600-1659,31.0,31.0,1800-1859,0.0,798.0
293685,19,5,NK,NK,LBE,PA,Pennsylvania,MCO,FL,Florida,-2.0,0.0,1200-1259,28.0,28.0,1500-1559,0.0,823.0
239103,11,4,G4,G4,PSM,NH,New Hampshire,SFB,FL,Florida,-15.0,0.0,1100-1159,-11.0,0.0,1400-1459,0.0,1144.0
293675,9,2,NK,NK,LBE,PA,Pennsylvania,MCO,FL,Florida,,,1200-1259,,,1500-1559,1.0,823.0
547377,7,7,AS,AS,BRW,AK,Alaska,ANC,AK,Alaska,221.0,221.0,1700-1759,217.0,217.0,1900-1959,0.0,725.0
239114,22,1,G4,G4,HGR,MD,Maryland,SFB,FL,Florida,-8.0,0.0,2000-2059,-19.0,0.0,2200-2259,0.0,780.0
245304,3,3,G4,G4,IAG,NY,New York,PGD,FL,Florida,62.0,62.0,1800-1859,63.0,63.0,2200-2259,0.0,1129.0
562916,9,2,AS,QX,DLG,AK,Alaska,ANC,AK,Alaska,-5.0,0.0,1200-1259,-7.0,0.0,1300-1359,0.0,329.0
548018,8,1,AS,AS,BRW,AK,Alaska,ANC,AK,Alaska,,,1700-1759,,,1900-1959,1.0,725.0
241635,20,6,G4,G4,TOL,OH,Ohio,PGD,FL,Florida,3.0,3.0,1800-1859,-10.0,0.0,2100-2159,0.0,1016.0
556873,24,3,AS,AS,BRW,AK,Alaska,ANC,AK,Alaska,128.0,128.0,1700-1759,128.0,128.0,1900-1959,0.0,725.0
452804,14,7,DL,9E,BGM,NY,New York,DTW,MI,Michigan,-5.0,0.0,0001-0559,-30.0,0.0,0700-0759,0.0,378.0
240948,1,1,G4,G4,PGD,FL,Florida,PSM,NH,New Hampshire,-5.0,0.0,0900-0959,-25.0,0.0,1200-1259,0.0,1279.0
323451,1,1,UA,OO,LBL,KS,Kansas,DDC,KS,Kansas,-9.0,0.0,1700-1759,-16.0,0.0,1800-1859,0.0,74.0
243778,25,4,G4,G4,CKB,WV,West Virginia,SFB,FL,Florida,9.0,9.0,1900-1959,-4.0,0.0,2100-2159,0.0,727.0
563061,10,3,AS,QX,ANC,AK,Alaska,DLG,AK,Alaska,-2.0,0.0,1000-1059,-7.0,0.0,1100-1159,0.0,329.0
566110,27,6,AS,QX,DLG,AK,Alaska,ANC,AK,Alaska,31.0,31.0,1200-1259,26.0,26.0,1300-1359,0.0,329.0
239417,29,1,G4,G4,SFB,FL,Florida,HGR,MD,Maryland,-9.0,0.0,1700-1759,-4.0,0.0,1900-1959,0.0,780.0
325930,19,5,UA,OO,OTH,OR,Oregon,SFO,CA,California,19.0,19.0,1300-1359,19.0,19.0,1500-1559,0.0,412.0
246062,3,3,G4,G4,PIE,FL,Florida,SWF,NY,New York,13.0,13.0,0700-0759,6.0,6.0,1000-1059,0.0,1055.0
244433,3,3,G4,G4,PIE,FL,Florida,IAG,NY,New York,-5.0,0.0,0700-0759,-14.0,0.0,0900-0959,0.0,1069.0
246306,15,1,G4,G4,PSM,NH,New Hampshire,PGD,FL,Florida,883.0,883.0,1800-1859,963.0,963.0,2200-2259,0.0,1279.0
246305,14,7,G4,G4,SWF,NY,New York,PIE,FL,Florida,2.0,2.0,1100-1159,-2.0,0.0,1500-1559,0.0,1055.0
452821,31,3,DL,9E,BGM,NY,New York,DTW,MI,Michigan,-10.0,0.0,0001-0559,-28.0,0.0,0700-0759,0.0,378.0
245846,18,4,G4,G4,TOL,OH,Ohio,PGD,FL,Florida,27.0,27.0,1100-1159,45.0,45.0,1400-1459,0.0,1016.0
241840,27,6,G4,G4,IAG,NY,New York,PGD,FL,Florida,-10.0,0.0,1100-1159,-32.0,0.0,1400-1459,0.0,1129.0
336586,22,1,UA,OO,CNY,UT,Utah,DEN,CO,Colorado,92.0,92.0,1800-1859,84.0,84.0,1900-1959,0.0,283.0
245827,21,7,G4,G4,STC,MN,Minnesota,PGD,FL,Florida,2.0,2.0,1800-1859,-3.0,0.0,2200-2259,0.0,1447.0
452817,27,6,DL,9E,BGM,NY,New York,DTW,MI,Michigan,,,0001-0559,,,0700-0759,1.0,378.0
566660,30,2,AS,QX,DLG,AK,Alaska,ANC,AK,Alaska,207.0,207.0,1200-1259,203.0,203.0,1300-1359,0.0,329.0
242529,28,7,G4,G4,PIE,FL,Florida,TOL,OH,Ohio,3.0,3.0,1500-1559,-9.0,0.0,1800-1859,0.0,945.0
239445,7,7,G4,G4,HGR,MD,Maryland,SFB,FL,Florida,-12.0,0.0,1600-1659,3.0,3.0,1800-1859,0.0,780.0
252622,15,1,HA,HA,PPG,TT,U.S. Pacific Trust Territories and Possessions,HNL,HI,Hawaii,29.0,29.0,2300-2359,22.0,22.0,0001-0559,0.0,2599.0
546856,6,6,AS,AS,ANC,AK,Alaska,ADK,AK,Alaska,,,1100-1159,,,1300-1359,1.0,1192.0
245484,1,1,G4,G4,SFB,FL,Florida,PSM,NH,New Hampshire,-4.0,0.0,1100-1159,-24.0,0.0,1400-1459,0.0,1144.0
332651,10,3,UA,OO,CNY,UT,Utah,DEN,CO,Colorado,-10.0,0.0,1800-1859,-34.0,0.0,1900-1959,0.0,283.0
453315,27,6,DL,9E,DTW,MI,Michigan,BGM,NY,New York,-2.0,0.0,2100-2159,-16.0,0.0,2200-2259,0.0,378.0
246755,19,5,G4,G4,PGD,FL,Florida,SWF,NY,New York,-7.0,0.0,0700-0759,-14.0,0.0,1000-1059,0.0,1101.0
366745,10,3,DL,OO,SLC,UT,Utah,EKO,NV,Nevada,10.0,10.0,2100-2159,1.0,1.0,2100-2159,0.0,200.0
293838,2,2,NK,NK,MCO,FL,Florida,LBE,PA,Pennsylvania,14.0,14.0,0900-0959,13.0,13.0,1100-1159,0.0,823.0
240473,27,6,G4,G4,IAG,NY,New York,SFB,FL,Florida,0.0,0.0,1500-1559,-15.0,0.0,1800-1859,0.0,996.0
453307,19,5,DL,9E,DTW,MI,Michigan,BGM,NY,New York,59.0,59.0,2100-2159,65.0,65.0,2200-2259,0.0,378.0
561746,3,3,AS,QX,ANC,AK,Alaska,DLG,AK,Alaska,-6.0,0.0,0900-0959,-19.0,0.0,1100-1159,0.0,329.0
563613,13,6,AS,QX,ANC,AK,Alaska,DLG,AK,Alaska,-7.0,0.0,1000-1059,-9.0,0.0,1100-1159,0.0,329.0
244159,25,4,G4,G4,TOL,OH,Ohio,PIE,FL,Florida,-10.0,0.0,2000-2059,-25.0,0.0,2200-2259,0.0,945.0
332368,11,4,UA,OO,DEN,CO,Colorado,CNY,UT,Utah,-3.0,0.0,1400-1459,-9.0,0.0,1500-1559,0.0,283.0
241731,13,6,G4,G4,IAG,NY,New York,PGD,FL,Florida,1.0,1.0,1100-1159,16.0,16.0,1400-1459,0.0,1129.0
451287,6,6,DL,9E,BGM,NY,New York,LGA,NY,New York,-2.0,0.0,0700-0759,7.0,7.0,0800-0859,0.0,147.0
323501,2,2,UA,OO,LBL,KS,Kansas,DDC,KS,Kansas,-6.0,0.0,1700-1759,-11.0,0.0,1800-1859,0.0,74.0
359592,15,1,UA,OO,DEN,CO,Colorado,CNY,UT,Utah,,,1400-1459,,,1500-1559,1.0,283.0
293863,27,6,NK,NK,MCO,FL,Florida,LBE,PA,Pennsylvania,-8.0,0.0,1200-1259,-13.0,0.0,1400-1459,0.0,823.0
245495,25,4,G4,G4,PIE,FL,Florida,TOL,OH,Ohio,-9.0,0.0,1700-1759,-29.0,0.0,1900-1959,0.0,945.0
245571,9,2,G4,G4,IAG,NY,New York,PGD,FL,Florida,9.0,9.0,1300-1359,13.0,13.0,1600-1659,0.0,1129.0
452819,29,1,DL,9E,BGM,NY,New York,DTW,MI,Michigan,-9.0,0.0,0001-0559,-8.0,0.0,0700-0759,0.0,378.0
562201,5,5,AS,QX,AKN,AK,Alaska,ANC,AK,Alaska,-2.0,0.0,1700-1759,-7.0,0.0,1800-1859,0.0,288.0
246212,19,5,G4,G4,TOL,OH,Ohio,SFB,FL,Florida,30.0,30.0,1900-1959,20.0,20.0,2200-2259,0.0,895.0
252610,8,1,HA,HA,HNL,HI,Hawaii,PPG,TT,U.S. Pacific Trust Territories and Possessions,39.0,39.0,1600-1659,22.0,22.0,2100-2159,0.0,2599.0
244362,25,4,G4,G4,LAS,NV,Nevada,SMX,CA,California,-9.0,0.0,1400-1459,-15.0,0.0,1500-1559,0.0,310.0
453312,24,3,DL,9E,DTW,MI,Michigan,BGM,NY,New York,,,2100-2159,,,2200-2259,1.0,378.0
239262,26,5,G4,G4,TOL,OH,Ohio,SFB,FL,Florida,-16.0,0.0,1900-1959,-20.0,0.0,2200-2259,0.0,895.0
245602,8,1,G4,G4,PIE,FL,Florida,CKB,WV,West Virginia,1216.0,1216.0,1300-1359,1202.0,1202.0,1500-1559,0.0,798.0
244026,13,6,G4,G4,IAG,NY,New York,SFB,FL,Florida,,,1500-1559,,,1800-1859,1.0,996.0
385655,1,1,UA,UA,SPN,TT,U.S. Pacific Trust Territories and Possessions,GUM,TT,U.S. Pacific Trust Territories and Possessions,-5.0,0.0,0900-0959,-6.0,0.0,1000-1059,0.0,129.0
565407,23,2,AS,QX,ANC,AK,Alaska,DLG,AK,Alaska,-3.0,0.0,1000-1059,-23.0,0.0,1100-1159,0.0,329.0
293849,13,6,NK,NK,MCO,FL,Florida,LBE,PA,Pennsylvania,23.0,23.0,1200-1259,18.0,18.0,1400-1459,0.0,823.0
246677,25,4,G4,G4,SFB,FL,Florida,PSM,NH,New Hampshire,-13.0,0.0,0700-0759,-28.0,0.0,1000-1059,0.0,1144.0
293693,27,6,NK,NK,LBE,PA,Pennsylvania,MCO,FL,Florida,-10.0,0.0,1600-1659,-24.0,0.0,1800-1859,0.0,823.0
240215,7,7,G4,G4,STC,MN,Minnesota,AZA,AZ,Arizona,-14.0,0.0,1200-1259,29.0,29.0,1500-1559,0.0,1259.0
356696,4,4,UA,OO,DDC,KS,Kansas,LBL,KS,Kansas,106.0,106.0,1100-1159,,,1200-1259,0.0,74.0
293848,12,5,NK,NK,MCO,FL,Florida,LBE,PA,Pennsylvania,-1.0,0.0,0900-0959,-14.0,0.0,1100-1159,0.0,823.0
240692,21,7,G4,G4,LAS,NV,Nevada,SMX,CA,California,-10.0,0.0,1300-1359,-14.0,0.0,1400-1459,0.0,310.0
239177,6,6,G4,G4,PGD,FL,Florida,IAG,NY,New York,37.0,37.0,1600-1659,26.0,26.0,1900-1959,0.0,1129.0
241897,14,7,G4,G4,PSM,NH,New Hampshire,SFB,FL,Florida,-7.0,0.0,1100-1159,-5.0,0.0,1400-1459,0.0,1144.0
239457,26,5,G4,G4,HGR,MD,Maryland,SFB,FL,Florida,3.0,3.0,2000-2059,-3.0,0.0,2200-2259,0.0,780.0
386450,28,7,UA,UA,SPN,TT,U.S. Pacific Trust Territories and Possessions,GUM,TT,U.S. Pacific Trust Territories and Possessions,-9.0,0.0,0900-0959,-12.0,0.0,1000-1059,0.0,129.0
244892,18,4,G4,G4,PIE,FL,Florida,SWF,NY,New York,-4.0,0.0,0800-0859,-16.0,0.0,1100-1159,0.0,1055.0
452799,9,2,DL,9E,BGM,NY,New York,DTW,MI,Michigan,10.0,10.0,0001-0559,-10.0,0.0,0700-0759,0.0,378.0
242368,12,5,G4,G4,SFB,FL,Florida,SWF,NY,New York,60.0,60.0,0600-0659,43.0,43.0,0900-0959,0.0,965.0
246740,2,2,G4,G4,SFB,FL,Florida,SWF,NY,New York,-3.0,0.0,0800-0859,8.0,8.0,1000-1059,0.0,965.0
244522,3,3,G4,G4,PSM,NH,New Hampshire,PGD,FL,Florida,-8.0,0.0,1100-1159,-17.0,0.0,1500-1559,0.0,1279.0
333692,12,5,UA,OO,CNY,UT,Utah,DEN,CO,Colorado,231.0,231.0,1800-1859,207.0,207.0,1900-1959,0.0,283.0
252617,1,1,HA,HA,PPG,TT,U.S. Pacific Trust Territories and Possessions,HNL,HI,Hawaii,5.0,5.0,2300-2359,-3.0,0.0,0001-0559,0.0,2599.0
239115,4,4,G4,G4,PGD,FL,Florida,TOL,OH,Ohio,-16.0,0.0,0900-0959,-24.0,0.0,1100-1159,0.0,1016.0
549190,10,3,AS,AS,ANC,AK,Alaska,ADK,AK,Alaska,-3.0,0.0,1100-1159,-9.0,0.0,1300-1359,0.0,1192.0
246327,14,7,G4,G4,STC,MN,Minnesota,PGD,FL,Florida,26.0,26.0,1800-1859,13.0,13.0,2200-2259,0.0,1447.0
415174,20,6,UA,UA,SPN,TT,U.S. Pacific Trust Territories and Possessions,GUM,TT,U.S. Pacific Trust Territories and Possessions,-6.0,0.0,0900-0959,-14.0,0.0,1000-1059,0.0,129.0
562512,7,7,AS,QX,ANC,AK,Alaska,AKN,AK,Alaska,-8.0,0.0,1500-1559,-16.0,0.0,1600-1659,0.0,288.0
386449,28,7,UA,UA,GUM,TT,U.S. Pacific Trust Territories and Possessions,SPN,TT,U.S. Pacific Trust Territories and Possessions,-10.0,0.0,0800-0859,-16.0,0.0,0800-0859,0.0,129.0
243037,8,1,G4,G4,TOL,OH,Ohio,PIE,FL,Florida,-9.0,0.0,1100-1159,-21.0,0.0,1300-1359,0.0,945.0
238915,5,5,G4,G4,AZA,AZ,Arizona,STC,MN,Minnesota,-8.0,0.0,1500-1559,-22.0,0.0,1900-1959,0.0,1259.0
239649,29,1,G4,G4,PGD,FL,Florida,IAG,NY,New York,0.0,0.0,0700-0759,1.0,1.0,1000-1059,0.0,1129.0
239046,6,6,G4,G4,PIE,FL,Florida,IAG,NY,New York,-13.0,0.0,1400-1459,-15.0,0.0,1700-1759,0.0,1069.0
245391,8,1,G4,G4,TOL,OH,Ohio,SFB,FL,Florida,-11.0,0.0,2000-2059,-11.0,0.0,2300-2359,0.0,895.0
373738,29,1,UA,UA,GUM,TT,U.S. Pacific Trust Territories and Possessions,SPN,TT,U.S. Pacific Trust Territories and Possessions,-14.0,0.0,0800-0859,-19.0,0.0,0800-0859,0.0,129.0
240900,3,3,G4,G4,CKB,WV,West Virginia,SFB,FL,Florida,-12.0,0.0,1500-1559,-7.0,0.0,1700-1759,0.0,727.0
244909,6,6,G4,G4,PIE,FL,Florida,SWF,NY,New York,-11.0,0.0,1600-1659,-21.0,0.0,1900-1959,0.0,1055.0
252612,15,1,HA,HA,HNL,HI,Hawaii,PPG,TT,U.S. Pacific Trust Territories and Possessions,74.0,74.0,1600-1659,58.0,58.0,2100-2159,0.0,2599.0
392113,25,4,UA,UA,SPN,TT,U.S. Pacific Trust Territories and Possessions,GUM,TT,U.S. Pacific Trust Territories and Possessions,-13.0,0.0,0900-0959,-18.0,0.0,1000-1059,0.0,129.0
293846,10,3,NK,NK,MCO,FL,Florida,LBE,PA,Pennsylvania,15.0,15.0,0900-0959,7.0,7.0,1100-1159,0.0,823.0
241239,15,1,G4,G4,PGD,FL,Florida,PSM,NH,New Hampshire,4.0,4.0,1400-1459,-23.0,0.0,1700-1759,0.0,1279.0
336374,25,4,UA,OO,DEN,CO,Colorado,CNY,UT,Utah,-11.0,0.0,1400-1459,-20.0,0.0,1500-1559,0.0,283.0
563470,12,5,AS,QX,DLG,AK,Alaska,ANC,AK,Alaska,-12.0,0.0,1200-1259,-10.0,0.0,1300-1359,0.0,329.0
564864,20,6,AS,QX,DLG,AK,Alaska,ANC,AK,Alaska,-16.0,0.0,1200-1259,-21.0,0.0,1300-1359,0.0,329.0
359542,15,1,UA,OO,CNY,UT,Utah,DEN,CO,Colorado,,,1800-1859,,,1900-1959,1.0,283.0
293866,30,2,NK,NK,MCO,FL,Florida,LBE,PA,Pennsylvania,-6.0,0.0,0900-0959,-8.0,0.0,1100-1159,0.0,823.0
417147,19,5,UA,UA,GUM,TT,U.S. Pacific Trust Territories and Possessions,SPN,TT,U.S. Pacific Trust Territories and Possessions,-12.0,0.0,0800-0859,-14.0,0.0,0800-0859,0.0,129.0
413442,21,7,UA,UA,GUM,TT,U.S. Pacific Trust Territories and Possessions,SPN,TT,U.S. Pacific Trust Territories and Possessions,-10.0,0.0,0800-0859,-10.0,0.0,0800-0859,0.0,129.0
246769,21,7,G4,G4,PIE,FL,Florida,SWF,NY,New York,-5.0,0.0,0800-0859,-9.0,0.0,1100-1159,0.0,1055.0
240416,3,3,G4,G4,SFB,FL,Florida,CKB,WV,West Virginia,-12.0,0.0,1200-1259,-20.0,0.0,1400-1459,0.0,727.0
244539,28,7,G4,G4,PSM,NH,New Hampshire,SFB,FL,Florida,-16.0,0.0,1100-1159,-35.0,0.0,1400-1459,0.0,1144.0
563618,13,6,AS,QX,DLG,AK,Alaska,ANC,AK,Alaska,-19.0,0.0,1200-1259,0.0,0.0,1300-1359,0.0,329.0
240276,24,3,G4,G4,IAG,NY,New York,SFB,FL,Florida,,,1200-1259,,,1400-1459,1.0,996.0
293694,28,7,NK,NK,LBE,PA,Pennsylvania,MCO,FL,Florida,-13.0,0.0,1300-1359,-35.0,0.0,1600-1659,0.0,823.0
365277,2,2,DL,OO,EKO,NV,Nevada,SLC,UT,Utah,-4.0,0.0,0600-0659,2.0,2.0,0800-0859,0.0,200.0
346144,3,3,UA,OO,SFO,CA,California,OTH,OR,Oregon,-4.0,0.0,1100-1159,1.0,1.0,1200-1259,0.0,412.0
408299,9,2,UA,UA,SPN,TT,U.S. Pacific Trust Territories and Possessions,GUM,TT,U.S. Pacific Trust Territories and Possessions,-10.0,0.0,0900-0959,-14.0,0.0,1000-1059,0.0,129.0
239167,8,1,G4,G4,IAG,NY,New York,SFB,FL,Florida,-10.0,0.0,1100-1159,-36.0,0.0,1400-1459,0.0,996.0
562699,8,1,AS,QX,ANC,AK,Alaska,AKN,AK,Alaska,76.0,76.0,1500-1559,73.0,73.0,1600-1659,0.0,288.0
245998,8,1,G4,G4,CKB,WV,West Virginia,PIE,FL,Florida,1220.0,1220.0,1600-1659,1235.0,1235.0,1800-1859,0.0,798.0
553008,17,3,AS,AS,ANC,AK,Alaska,BRW,AK,Alaska,-6.0,0.0,1400-1459,-6.0,0.0,1600-1659,0.0,725.0
252615,25,4,HA,HA,HNL,HI,Hawaii,PPG,TT,U.S. Pacific Trust Territories and Possessions,6.0,6.0,1600-1659,5.0,5.0,2100-2159,0.0,2599.0
243385,14,7,G4,G4,HGR,MD,Maryland,PIE,FL,Florida,-21.0,0.0,1100-1159,-26.0,0.0,1400-1459,0.0,861.0
451811,4,4,DL,9E,LGA,NY,New York,BGM,NY,New York,-10.0,0.0,1900-1959,-35.0,0.0,2100-2159,0.0,147.0
244617,3,3,G4,G4,SFB,FL,Florida,PSM,NH,New Hampshire,-2.0,0.0,1400-1459,-20.0,0.0,1700-1759,0.0,1144.0
323055,4,4,UA,OO,LBL,KS,Kansas,DDC,KS,Kansas,,,1700-1759,,,1800-1859,1.0,74.0
335628,24,3,UA,OO,CNY,UT,Utah,DEN,CO,Colorado,-24.0,0.0,1800-1859,-4.0,0.0,1900-1959,0.0,283.0
240082,8,1,G4,G4,SFB,FL,Florida,TOL,OH,Ohio,-4.0,0.0,1700-1759,-24.0,0.0,1900-1959,0.0,895.0
239898,18,4,G4,G4,PIE,FL,Florida,IAG,NY,New York,-10.0,0.0,0800-0859,-14.0,0.0,1100-1159,0.0,1069.0
245166,4,4,G4,G4,PGD,FL,Florida,IAG,NY,New York,7.0,7.0,1500-1559,5.0,5.0,1800-1859,0.0,1129.0
242787,6,6,G4,G4,PSM,NH,New Hampshire,PGD,FL,Florida,81.0,81.0,1100-1159,95.0,95.0,1500-1559,0.0,1279.0
332982,2,2,UA,OO,DEN,CO,Colorado,CNY,UT,Utah,85.0,85.0,1600-1659,76.0,76.0,1700-1759,0.0,283.0
566833,31,3,AS,QX,AKN,AK,Alaska,ANC,AK,Alaska,-12.0,0.0,1700-1759,-19.0,0.0,1800-1859,0.0,288.0
242079,7,7,G4,G4,TOL,OH,Ohio,SFB,FL,Florida,-11.0,0.0,0900-0959,15.0,15.0,1200-1259,0.0,895.0
324040,5,5,UA,OO,LBL,KS,Kansas,DDC,KS,Kansas,26.0,26.0,1700-1759,34.0,34.0,1800-1859,0.0,74.0
565206,22,1,AS,QX,ANC,AK,Alaska,AKN,AK,Alaska,-9.0,0.0,1500-1559,-19.0,0.0,1600-1659,0.0,288.0
410301,8,1,UA,UA,GUM,TT,U.S. Pacific Trust Territories and Possessions,SPN,TT,U.S. Pacific Trust Territories and Possessions,-13.0,0.0,0800-0859,-16.0,0.0,0800-0859,0.0,129.0
563962,15,1,AS,QX,ANC,AK,Alaska,AKN,AK,Alaska,103.0,103.0,1500-1559,97.0,97.0,1600-1659,0.0,288.0
556874,24,3,AS,AS,ANC,AK,Alaska,BRW,AK,Alaska,137.0,137.0,1400-1459,124.0,124.0,1600-1659,0.0,725.0
562909,9,2,AS,QX,ANC,AK,Alaska,DLG,AK,Alaska,-6.0,0.0,1000-1059,-1.0,0.0,1100-1159,0.0,329.0
293859,23,2,NK,NK,MCO,FL,Florida,LBE,PA,Pennsylvania,-7.0,0.0,0900-0959,-26.0,0.0,1100-1159,0.0,823.0
451812,5,5,DL,9E,LGA,NY,New York,BGM,NY,New York,-10.0,0.0,1900-1959,-35.0,0.0,2100-2159,0.0,147.0
561482,2,2,AS,QX,ANC,AK,Alaska,BRW,AK,Alaska,4.0,4.0,0700-0759,-1.0,0.0,0900-0959,0.0,725.0
347155,3,3,UA,OO,OTH,OR,Oregon,SFO,CA,California,-2.0,0.0,1300-1359,-13.0,0.0,1500-1559,0.0,412.0
349757,30,2,DL,OO,SLC,UT,Utah,EKO,NV,Nevada,28.0,28.0,2100-2159,23.0,23.0,2100-2159,0.0,200.0
242978,5,5,G4,G4,TOL,OH,Ohio,SFB,FL,Florida,-8.0,0.0,0900-0959,-17.0,0.0,1200-1259,0.0,895.0
345172,12,5,UA,OO,OTH,OR,Oregon,SFO,CA,California,-10.0,0.0,1300-1359,-24.0,0.0,1500-1559,0.0,412.0
241488,28,7,G4,G4,CKB,WV,West Virginia,SFB,FL,Florida,-11.0,0.0,2100-2159,-25.0,0.0,2300-2359,0.0,727.0
565570,24,3,AS,QX,DLG,AK,Alaska,ANC,AK,Alaska,39.0,39.0,1200-1259,37.0,37.0,1300-1359,0.0,329.0
239325,18,4,G4,G4,SFB,FL,Florida,CKB,WV,West Virginia,-5.0,0.0,1600-1659,1.0,1.0,1800-1859,0.0,727.0
549639,11,4,AS,AS,BRW,AK,Alaska,ANC,AK,Alaska,-8.0,0.0,1700-1759,-5.0,0.0,1900-1959,0.0,725.0
244603,3,3,G4,G4,PIE,FL,Florida,TOL,OH,Ohio,-6.0,0.0,0600-0659,-4.0,0.0,0800-0859,0.0,945.0
293845,9,2,NK,NK,MCO,FL,Florida,LBE,PA,Pennsylvania,,,0900-0959,,,1100-1159,1.0,823.0
383752,2,2,UA,UA,SPN,TT,U.S. Pacific Trust Territories and Possessions,GUM,TT,U.S. Pacific Trust Territories and Possessions,-7.0,0.0,0900-0959,-12.0,0.0,1000-1059,0.0,129.0
244200,6,6,G4,G4,SFB,FL,Florida,CKB,WV,West Virginia,-6.0,0.0,0600-0659,-13.0,0.0,0800-0859,0.0,727.0
321258,26,5,UA,OO,OTH,OR,Oregon,SFO,CA,California,-8.0,0.0,1300-1359,7.0,7.0,1500-1559,0.0,412.0
244537,19,5,G4,G4,SWF,NY,New York,PGD,FL,Florida,-21.0,0.0,1100-1159,15.0,15.0,1400-1459,0.0,1101.0
565958,26,5,AS,QX,ANC,AK,Alaska,DLG,AK,Alaska,-10.0,0.0,1000-1059,-2.0,0.0,1100-1159,0.0,329.0
549640,11,4,AS,AS,ANC,AK,Alaska,BRW,AK,Alaska,-6.0,0.0,1400-1459,-13.0,0.0,1600-1659,0.0,725.0
293853,17,3,NK,NK,MCO,FL,Florida,LBE,PA,Pennsylvania,-5.0,0.0,0900-0959,-15.0,0.0,1100-1159,0.0,823.0
557990,26,5,AS,AS,BRW,AK,Alaska,ANC,AK,Alaska,-14.0,0.0,1700-1759,-14.0,0.0,1900-1959,0.0,725.0
244987,3,3,G4,G4,PGD,FL,Florida,TOL,OH,Ohio,-6.0,0.0,0700-0759,-11.0,0.0,1000-1059,0.0,1016.0
365433,10,3,DL,OO,EKO,NV,Nevada,SLC,UT,Utah,-3.0,0.0,0600-0659,-9.0,0.0,0800-0859,0.0,200.0
246957,7,7,G4,G4,SFB,FL,Florida,HGR,MD,Maryland,-6.0,0.0,1300-1359,-15.0,0.0,1500-1559,0.0,780.0
240043,27,6,G4,G4,PGD,FL,Florida,TOL,OH,Ohio,5.0,5.0,1500-1559,-13.0,0.0,1800-1859,0.0,1016.0
565414,23,2,AS,QX,DLG,AK,Alaska,ANC,AK,Alaska,-19.0,0.0,1200-1259,-19.0,0.0,1300-1359,0.0,329.0
558671,27,6,AS,AS,ANC,AK,Alaska,ADK,AK,Alaska,-15.0,0.0,1100-1159,-33.0,0.0,1300-1359,0.0,1192.0
242805,2,2,G4,G4,HGR,MD,Maryland,SFB,FL,Florida,14.0,14.0,2100-2159,8.0,8.0,2300-2359,0.0,780.0
241775,7,7,G4,G4,SFB,FL,Florida,TOL,OH,Ohio,-1.0,0.0,0600-0659,-15.0,0.0,0800-0859,0.0,895.0
546777,6,6,AS,AS,ANC,AK,Alaska,BRW,AK,Alaska,45.0,45.0,1400-1459,35.0,35.0,1600-1659,0.0,725.0
242197,28,7,G4,G4,TOL,OH,Ohio,PIE,FL,Florida,-6.0,0.0,1900-1959,-30.0,0.0,2100-2159,0.0,945.0
239748,15,1,G4,G4,PGD,FL,Florida,SWF,NY,New York,-13.0,0.0,0700-0759,-36.0,0.0,1000-1059,0.0,1101.0
565563,24,3,AS,QX,ANC,AK,Alaska,DLG,AK,Alaska,48.0,48.0,1000-1059,41.0,41.0,1100-1159,0.0,329.0
244628,22,1,G4,G4,TOL,OH,Ohio,SFB,FL,Florida,-12.0,0.0,1900-1959,-19.0,0.0,2200-2259,0.0,895.0
353064,14,7,DL,OO,SLC,UT,Utah,EKO,NV,Nevada,-8.0,0.0,2100-2159,-19.0,0.0,2100-2159,0.0,200.0
349111,5,5,DL,OO,EKO,NV,Nevada,SLC,UT,Utah,-8.0,0.0,0600-0659,-7.0,0.0,0800-0859,0.0,200.0
552526,16,2,AS,AS,BRW,AK,Alaska,ANC,AK,Alaska,-11.0,0.0,1700-1759,-12.0,0.0,1900-1959,0.0,725.0
239073,13,6,G4,G4,PGD,FL,Florida,TOL,OH,Ohio,38.0,38.0,1500-1559,39.0,39.0,1800-1859,0.0,1016.0
546105,5,5,AS,AS,BRW,AK,Alaska,ANC,AK,Alaska,-6.0,0.0,1700-1759,0.0,0.0,1900-1959,0.0,725.0
452816,26,5,DL,9E,BGM,NY,New York,DTW,MI,Michigan,,,0001-0559,,,0700-0759,1.0,378.0
355358,21,7,DL,OO,EKO,NV,Nevada,SLC,UT,Utah,-8.0,0.0,0600-0659,-14.0,0.0,0800-0859,0.0,200.0
551937,15,1,AS,AS,ANC,AK,Alaska,BRW,AK,Alaska,-4.0,0.0,1400-1459,,,1600-1659,0.0,725.0
566452,29,1,AS,QX,ANC,AK,Alaska,AKN,AK,Alaska,42.0,42.0,1500-1559,49.0,49.0,1600-1659,0.0,288.0
361251,11,4,DL,OO,EKO,NV,Nevada,SLC,UT,Utah,-2.0,0.0,0600-0659,10.0,10.0,0800-0859,0.0,200.0
395735,12,5,UA,UA,GUM,TT,U.S. Pacific Trust Territories and Possessions,SPN,TT,U.S. Pacific Trust Territories and Possessions,-9.0,0.0,0800-0859,-8.0,0.0,0800-0859,0.0,129.0
244675,5,5,G4,G4,SFB,FL,Florida,TOL,OH,Ohio,-11.0,0.0,0600-0659,-14.0,0.0,0900-0959,0.0,895.0
245881,5,5,G4,G4,TOL,OH,Ohio,AZA,AZ,Arizona,-2.0,0.0,1300-1359,-25.0,0.0,1500-1559,0.0,1625.0
420968,6,6,UA,UA,GUM,TT,U.S. Pacific Trust Territories and Possessions,SPN,TT,U.S. Pacific Trust Territories and Possessions,5.0,5.0,0800-0859,0.0,0.0,0800-0859,0.0,129.0
354502,23,2,DL,OO,EKO,NV,Nevada,SLC,UT,Utah,-2.0,0.0,0600-0659,-10.0,0.0,0800-0859,0.0,200.0
354276,28,7,DL,OO,SLC,UT,Utah,EKO,NV,Nevada,-5.0,0.0,2100-2159,-28.0,0.0,2100-2159,0.0,200.0
239875,5,5,G4,G4,CKB,WV,West Virginia,PIE,FL,Florida,6.0,6.0,2100-2159,-16.0,0.0,2300-2359,0.0,798.0
242120,12,5,G4,G4,MYR,SC,South Carolina,SWF,NY,New York,-18.0,0.0,1500-1559,-37.0,0.0,1700-1759,0.0,601.0
453298,10,3,DL,9E,DTW,MI,Michigan,BGM,NY,New York,-4.0,0.0,2100-2159,-15.0,0.0,2200-2259,0.0,378.0
395736,12,5,UA,UA,SPN,TT,U.S. Pacific Trust Territories and Possessions,GUM,TT,U.S. Pacific Trust Territories and Possessions,-12.0,0.0,0900-0959,-17.0,0.0,1000-1059,0.0,129.0
242693,12,5,G4,G4,HGR,MD,Maryland,SFB,FL,Florida,15.0,15.0,2000-2059,20.0,20.0,2200-2259,0.0,780.0
375683,17,3,UA,UA,GUM,TT,U.S. Pacific Trust Territories and Possessions,SPN,TT,U.S. Pacific Trust Territories and Possessions,-13.0,0.0,0800-0859,-6.0,0.0,0800-0859,0.0,129.0
453316,28,7,DL,9E,DTW,MI,Michigan,BGM,NY,New York,-4.0,0.0,2100-2159,9.0,9.0,2200-2259,0.0,378.0
242551,2,2,G4,G4,PGD,FL,Florida,IAG,NY,New York,-4.0,0.0,1600-1659,3.0,3.0,1900-1959,0.0,1129.0
554123,19,5,AS,AS,ANC,AK,Alaska,BRW,AK,Alaska,-3.0,0.0,1400-1459,-6.0,0.0,1600-1659,0.0,725.0
243079,7,7,G4,G4,SFB,FL,Florida,SWF,NY,New York,-4.0,0.0,0600-0659,-20.0,0.0,0800-0859,0.0,965.0
331305,23,2,DL,OO,SLC,UT,Utah,EKO,NV,Nevada,-1.0,0.0,2100-2159,-21.0,0.0,2100-2159,0.0,200.0
329652,27,6,DL,OO,EKO,NV,Nevada,SLC,UT,Utah,-13.0,0.0,0600-0659,-30.0,0.0,0800-0859,0.0,200.0
453308,20,6,DL,9E,DTW,MI,Michigan,BGM,NY,New York,-4.0,0.0,2100-2159,9.0,9.0,2200-2259,0.0,378.0
453317,29,1,DL,9E,DTW,MI,Michigan,BGM,NY,New York,-2.0,0.0,2100-2159,-14.0,0.0,2200-2259,0.0,378.0
356702,7,7,UA,OO,DEN,CO,Colorado,CNY,UT,Utah,-9.0,0.0,1600-1659,,,1700-1759,1.0,283.0
243100,29,1,G4,G4,SWF,NY,New York,PGD,FL,Florida,306.0,306.0,1100-1159,312.0,312.0,1400-1459,0.0,1101.0
239467,1,1,G4,G4,PSM,NH,New Hampshire,SFB,FL,Florida,-28.0,0.0,1500-1559,-44.0,0.0,1800-1859,0.0,1144.0
239124,1,1,G4,G4,CKB,WV,West Virginia,SFB,FL,Florida,-18.0,0.0,1600-1659,-2.0,0.0,1800-1859,0.0,727.0
244897,14,7,G4,G4,PIE,FL,Florida,TOL,OH,Ohio,-5.0,0.0,1500-1559,-11.0,0.0,1800-1859,0.0,945.0
241949,25,4,G4,G4,PGD,FL,Florida,STC,MN,Minnesota,50.0,50.0,1400-1459,25.0,25.0,1700-1759,0.0,1447.0
373739,29,1,UA,UA,SPN,TT,U.S. Pacific Trust Territories and Possessions,GUM,TT,U.S. Pacific Trust Territories and Possessions,-23.0,0.0,0900-0959,-32.0,0.0,1000-1059,0.0,129.0
345008,8,1,UA,OO,OTH,OR,Oregon,SFO,CA,California,-3.0,0.0,1300-1359,-18.0,0.0,1500-1559,0.0,412.0
452809,19,5,DL,9E,BGM,NY,New York,DTW,MI,Michigan,-7.0,0.0,0001-0559,-27.0,0.0,0700-0759,0.0,378.0
244256,27,6,G4,G4,STC,MN,Minnesota,AZA,AZ,Arizona,-4.0,0.0,1200-1259,-34.0,0.0,1400-1459,0.0,1259.0
408298,9,2,UA,UA,GUM,TT,U.S. Pacific Trust Territories and Possessions,SPN,TT,U.S. Pacific Trust Territories and Possessions,-11.0,0.0,0800-0859,-12.0,0.0,0800-0859,0.0,129.0
293682,16,2,NK,NK,LBE,PA,Pennsylvania,MCO,FL,Florida,-7.0,0.0,1300-1359,22.0,22.0,1500-1559,0.0,823.0
246567,8,1,G4,G4,PGD,FL,Florida,TOL,OH,Ohio,32.0,32.0,1400-1459,20.0,20.0,1700-1759,0.0,1016.0
564735,19,5,AS,QX,AKN,AK,Alaska,ANC,AK,Alaska,-19.0,0.0,1700-1759,-8.0,0.0,1800-1859,0.0,288.0
560819,31,3,AS,AS,ADK,AK,Alaska,ANC,AK,Alaska,28.0,28.0,1400-1459,48.0,48.0,1800-1859,0.0,1192.0
242160,2,2,G4,G4,IAG,NY,New York,PGD,FL,Florida,-5.0,0.0,2000-2059,26.0,26.0,2300-2359,0.0,1129.0
323677,3,3,UA,OO,DEN,CO,Colorado,CNY,UT,Utah,-7.0,0.0,1600-1659,-14.0,0.0,1700-1759,0.0,283.0
346470,14,7,UA,OO,SFO,CA,California,OTH,OR,Oregon,-12.0,0.0,1100-1159,-15.0,0.0,1300-1359,0.0,412.0
293686,20,6,NK,NK,LBE,PA,Pennsylvania,MCO,FL,Florida,-11.0,0.0,1600-1659,-16.0,0.0,1800-1859,0.0,823.0
320578,22,1,UA,OO,OTH,OR,Oregon,SFO,CA,California,-7.0,0.0,1300-1359,3.0,3.0,1500-1559,0.0,412.0
340106,31,3,UA,OO,DEN,CO,Colorado,CNY,UT,Utah,-9.0,0.0,1400-1459,-22.0,0.0,1500-1559,0.0,283.0
238644,14,7,G4,G4,PIE,FL,Florida,HGR,MD,Maryland,-11.0,0.0,0800-0859,-29.0,0.0,1000-1059,0.0,861.0
243064,28,7,G4,G4,PGD,FL,Florida,TOL,OH,Ohio,-2.0,0.0,0700-0759,-19.0,0.0,1000-1059,0.0,1016.0
565981,26,5,AS,QX,AKN,AK,Alaska,ANC,AK,Alaska,135.0,135.0,1700-1759,123.0,123.0,1800-1859,0.0,288.0
366037,16,2,DL,OO,SLC,UT,Utah,EKO,NV,Nevada,,,2100-2159,,,2100-2159,1.0,200.0
451286,5,5,DL,9E,BGM,NY,New York,LGA,NY,New York,-5.0,0.0,0700-0759,17.0,17.0,0800-0859,0.0,147.0
246914,11,4,G4,G4,SMX,CA,California,LAS,NV,Nevada,-3.0,0.0,1600-1659,-6.0,0.0,1800-1859,0.0,310.0
566494,29,1,AS,QX,ANC,AK,Alaska,DLG,AK,Alaska,224.0,224.0,1000-1059,236.0,236.0,1100-1159,0.0,329.0
293851,15,1,NK,NK,MCO,FL,Florida,LBE,PA,Pennsylvania,9.0,9.0,0900-0959,0.0,0.0,1100-1159,0.0,823.0
549113,10,3,AS,AS,ANC,AK,Alaska,BRW,AK,Alaska,-6.0,0.0,1400-1459,-14.0,0.0,1600-1659,0.0,725.0
245694,18,4,G4,G4,SMX,CA,California,LAS,NV,Nevada,167.0,167.0,1600-1659,159.0,159.0,1800-1859,0.0,310.0
239235,31,3,G4,G4,SFB,FL,Florida,IAG,NY,New York,-14.0,0.0,0800-0859,-8.0,0.0,1100-1159,0.0,996.0
544771,3,3,AS,AS,BRW,AK,Alaska,ANC,AK,Alaska,59.0,59.0,1700-1759,63.0,63.0,1900-1959,0.0,725.0
293681,15,1,NK,NK,LBE,PA,Pennsylvania,MCO,FL,Florida,-4.0,0.0,1200-1259,-24.0,0.0,1500-1559,0.0,823.0
388178,27,6,UA,UA,GUM,TT,U.S. Pacific Trust Territories and Possessions,SPN,TT,U.S. Pacific Trust Territories and Possessions,0.0,0.0,0800-0859,-5.0,0.0,0800-0859,0.0,129.0
555215,21,7,AS,AS,ANC,AK,Alaska,BRW,AK,Alaska,,,1400-1459,,,1600-1659,1.0,725.0
245454,2,2,G4,G4,SWF,NY,New York,SFB,FL,Florida,47.0,47.0,1100-1159,27.0,27.0,1400-1459,0.0,965.0
561758,3,3,AS,QX,DLG,AK,Alaska,ANC,AK,Alaska,-15.0,0.0,1200-1259,-3.0,0.0,1300-1359,0.0,329.0
451813,6,6,DL,9E,LGA,NY,New York,BGM,NY,New York,,,1900-1959,,,2100-2159,1.0,147.0
240047,27,6,G4,G4,SFB,FL,Florida,IAG,NY,New York,-11.0,0.0,1200-1259,-7.0,0.0,1400-1459,0.0,996.0
246123,5,5,G4,G4,PGD,FL,Florida,SWF,NY,New York,-10.0,0.0,0700-0759,-20.0,0.0,1000-1059,0.0,1101.0
565536,24,3,AS,QX,ANC,AK,Alaska,AKN,AK,Alaska,8.0,8.0,1500-1559,-2.0,0.0,1600-1659,0.0,288.0
246310,12,5,G4,G4,PGD,FL,Florida,PSM,NH,New Hampshire,20.0,20.0,1400-1459,6.0,6.0,1700-1759,0.0,1279.0
332618,13,6,UA,OO,CNY,UT,Utah,DEN,CO,Colorado,-11.0,0.0,1800-1859,-30.0,0.0,1900-1959,0.0,283.0
562869,9,2,AS,QX,ANC,AK,Alaska,BRW,AK,Alaska,1.0,1.0,0700-0759,-8.0,0.0,0900-0959,0.0,725.0
243678,8,1,G4,G4,PSM,NH,New Hampshire,PGD,FL,Florida,-14.0,0.0,1100-1159,10.0,10.0,1400-1459,0.0,1279.0
243841,29,1,G4,G4,SWF,NY,New York,MYR,SC,South Carolina,-23.0,0.0,1800-1859,-49.0,0.0,2000-2059,0.0,601.0
238977,11,4,G4,G4,LAS,NV,Nevada,SMX,CA,California,-11.0,0.0,1400-1459,-20.0,0.0,1500-1559,0.0,310.0
238712,27,6,G4,G4,TOL,OH,Ohio,PGD,FL,Florida,0.0,0.0,1800-1859,5.0,5.0,2100-2159,0.0,1016.0
564324,17,3,AS,QX,DLG,AK,Alaska,ANC,AK,Alaska,-14.0,0.0,1200-1259,-7.0,0.0,1300-1359,0.0,329.0
241692,6,6,G4,G4,TOL,OH,Ohio,PIE,FL,Florida,-10.0,0.0,0900-0959,-21.0,0.0,1200-1259,0.0,945.0
553524,18,4,AS,AS,BRW,AK,Alaska,ANC,AK,Alaska,-9.0,0.0,1700-1759,-18.0,0.0,1900-1959,0.0,725.0
244109,18,4,G4,G4,IAG,NY,New York,PIE,FL,Florida,-2.0,0.0,1100-1159,42.0,42.0,1500-1559,0.0,1069.0
240666,6,6,G4,G4,PGD,FL,Florida,TOL,OH,Ohio,33.0,33.0,1600-1659,17.0,17.0,1900-1959,0.0,1016.0
252614,22,1,HA,HA,HNL,HI,Hawaii,PPG,TT,U.S. Pacific Trust Territories and Possessions,37.0,37.0,1600-1659,54.0,54.0,2100-2159,0.0,2599.0
244631,21,7,G4,G4,SFB,FL,Florida,CKB,WV,West Virginia,-15.0,0.0,1800-1859,-28.0,0.0,2000-2059,0.0,727.0
392112,25,4,UA,UA,GUM,TT,U.S. Pacific Trust Territories and Possessions,SPN,TT,U.S. Pacific Trust Territories and Possessions,-8.0,0.0,0800-0859,-18.0,0.0,0800-0859,0.0,129.0
337971,24,3,UA,OO,OTH,OR,Oregon,SFO,CA,California,139.0,139.0,1300-1359,137.0,137.0,1500-1559,0.0,412.0
239369,11,4,G4,G4,PGD,FL,Florida,TOL,OH,Ohio,108.0,108.0,0700-0759,102.0,102.0,1000-1059,0.0,1016.0
406437,10,3,UA,UA,GUM,TT,U.S. Pacific Trust Territories and Possessions,SPN,TT,U.S. Pacific Trust Territories and Possessions,12.0,12.0,0800-0859,7.0,7.0,0800-0859,0.0,129.0
565073,21,7,AS,QX,AKN,AK,Alaska,ANC,AK,Alaska,-23.0,0.0,1700-1759,-17.0,0.0,1800-1859,0.0,288.0
329605,24,3,UA,OO,SFO,CA,California,OTH,OR,Oregon,-5.0,0.0,1100-1159,,,1300-1359,0.0,412.0
243558,14,7,G4,G4,PGD,FL,Florida,TOL,OH,Ohio,-11.0,0.0,0700-0759,-23.0,0.0,1000-1059,0.0,1016.0
293857,21,7,NK,NK,MCO,FL,Florida,LBE,PA,Pennsylvania,34.0,34.0,1000-1059,46.0,46.0,1200-1259,0.0,823.0
548019,8,1,AS,AS,ANC,AK,Alaska,BRW,AK,Alaska,,,1400-1459,,,1600-1659,1.0,725.0
563262,11,4,AS,QX,ANC,AK,Alaska,DLG,AK,Alaska,-4.0,0.0,1000-1059,-11.0,0.0,1100-1159,0.0,329.0
239768,6,6,G4,G4,STC,MN,Minnesota,PGD,FL,Florida,58.0,58.0,1100-1159,63.0,63.0,1600-1659,0.0,1447.0
363501,8,1,DL,OO,SLC,UT,Utah,EKO,NV,Nevada,-6.0,0.0,2100-2159,-11.0,0.0,2100-2159,0.0,200.0
564718,19,5,AS,QX,DLG,AK,Alaska,ANC,AK,Alaska,-4.0,0.0,1200-1259,-3.0,0.0,1300-1359,0.0,329.0
559085,28,7,AS,AS,ANC,AK,Alaska,BRW,AK,Alaska,,,1400-1459,,,1600-1659,1.0,725.0
565012,21,7,AS,QX,ANC,AK,Alaska,AKN,AK,Alaska,-6.0,0.0,1500-1559,-20.0,0.0,1600-1659,0.0,288.0
245750,29,1,G4,G4,PGD,FL,Florida,PSM,NH,New Hampshire,62.0,62.0,1400-1459,62.0,62.0,1700-1759,0.0,1279.0
239728,26,5,G4,G4,PSM,NH,New Hampshire,PGD,FL,Florida,39.0,39.0,1800-1859,17.0,17.0,2200-2259,0.0,1279.0
563423,12,5,AS,QX,ANC,AK,Alaska,AKN,AK,Alaska,20.0,20.0,1500-1559,10.0,10.0,1600-1659,0.0,288.0
246834,18,4,G4,G4,LAS,NV,Nevada,SMX,CA,California,175.0,175.0,1400-1459,162.0,162.0,1500-1559,0.0,310.0
452805,15,1,DL,9E,BGM,NY,New York,DTW,MI,Michigan,-10.0,0.0,0001-0559,-15.0,0.0,0700-0759,0.0,378.0
452813,23,2,DL,9E,BGM,NY,New York,DTW,MI,Michigan,-4.0,0.0,0001-0559,-31.0,0.0,0700-0759,0.0,378.0
293683,17,3,NK,NK,LBE,PA,Pennsylvania,MCO,FL,Florida,-7.0,0.0,1200-1259,-15.0,0.0,1500-1559,0.0,823.0
554804,20,6,AS,AS,ADK,AK,Alaska,ANC,AK,Alaska,,,1400-1459,,,1800-1859,1.0,1192.0
239582,15,1,G4,G4,SWF,NY,New York,MYR,SC,South Carolina,-3.0,0.0,1800-1859,-1.0,0.0,2000-2059,0.0,601.0
239928,18,4,G4,G4,PIE,FL,Florida,TOL,OH,Ohio,-1.0,0.0,1500-1559,-10.0,0.0,1800-1859,0.0,945.0
561483,2,2,AS,QX,BRW,AK,Alaska,ANC,AK,Alaska,7.0,7.0,1000-1059,25.0,25.0,1200-1259,0.0,725.0
244293,11,4,G4,G4,PIE,FL,Florida,IAG,NY,New York,-6.0,0.0,0800-0859,-11.0,0.0,1100-1159,0.0,1069.0
355525,27,6,DL,OO,SLC,UT,Utah,EKO,NV,Nevada,-2.0,0.0,2100-2159,-27.0,0.0,2100-2159,0.0,200.0
252613,18,4,HA,HA,HNL,HI,Hawaii,PPG,TT,U.S. Pacific Trust Territories and Possessions,11.0,11.0,1600-1659,2.0,2.0,2100-2159,0.0,2599.0
239218,1,1,G4,G4,LAS,NV,Nevada,SMX,CA,California,112.0,112.0,1200-1259,105.0,105.0,1300-1359,0.0,310.0
326208,18,4,UA,OO,DEN,CO,Colorado,CNY,UT,Utah,-7.0,0.0,1400-1459,-13.0,0.0,1500-1559,0.0,283.0
554731,20,6,AS,AS,ANC,AK,Alaska,BRW,AK,Alaska,3.0,3.0,1400-1459,-3.0,0.0,1600-1659,0.0,725.0
565366,23,2,AS,QX,BRW,AK,Alaska,ANC,AK,Alaska,45.0,45.0,1000-1059,59.0,59.0,1200-1259,0.0,725.0
349100,13,6,DL,OO,SLC,UT,Utah,EKO,NV,Nevada,-7.0,0.0,2100-2159,-20.0,0.0,2100-2159,0.0,200.0
562548,7,7,AS,QX,ANC,AK,Alaska,DLG,AK,Alaska,19.0,19.0,0900-0959,,,1100-1159,0.0,329.0
363651,3,3,DL,OO,SLC,UT,Utah,EKO,NV,Nevada,-8.0,0.0,2100-2159,-32.0,0.0,2100-2159,0.0,200.0
293673,7,7,NK,NK,LBE,PA,Pennsylvania,MCO,FL,Florida,-6.0,0.0,1300-1359,8.0,8.0,1600-1659,0.0,823.0
243411,6,6,G4,G4,SWF,NY,New York,MYR,SC,South Carolina,-20.0,0.0,1700-1759,23.0,23.0,1900-1959,0.0,601.0
242380,2,2,G4,G4,AZA,AZ,Arizona,STC,MN,Minnesota,84.0,84.0,1400-1459,100.0,100.0,1800-1859,0.0,1259.0
402736,23,2,UA,UA,SPN,TT,U.S. Pacific Trust Territories and Possessions,GUM,TT,U.S. Pacific Trust Territories and Possessions,-21.0,0.0,0900-0959,-27.0,0.0,1000-1059,0.0,129.0
241410,7,7,G4,G4,PGD,FL,Florida,IAG,NY,New York,-5.0,0.0,1500-1559,-23.0,0.0,1800-1859,0.0,1129.0
551936,15,1,AS,AS,BRW,AK,Alaska,ANC,AK,Alaska,,,1700-1759,,,1900-1959,1.0,725.0
564670,19,5,AS,QX,ANC,AK,Alaska,AKN,AK,Alaska,-10.0,0.0,1500-1559,-26.0,0.0,1600-1659,0.0,288.0
244479,1,1,G4,G4,PIE,FL,Florida,TOL,OH,Ohio,-3.0,0.0,1700-1759,-8.0,0.0,2000-2059,0.0,945.0
338176,26,5,UA,OO,DEN,CO,Colorado,CNY,UT,Utah,1.0,1.0,1400-1459,-2.0,0.0,1500-1559,0.0,283.0
390151,26,5,UA,UA,GUM,TT,U.S. Pacific Trust Territories and Possessions,SPN,TT,U.S. Pacific Trust Territories and Possessions,-9.0,0.0,0800-0859,-11.0,0.0,0800-0859,0.0,129.0
349091,17,3,UA,OO,SFO,CA,California,OTH,OR,Oregon,21.0,21.0,1100-1159,,,1300-1359,1.0,412.0
239812,13,6,G4,G4,AZA,AZ,Arizona,STC,MN,Minnesota,-11.0,0.0,0700-0759,-5.0,0.0,1100-1159,0.0,1259.0
242520,26,5,G4,G4,PGD,FL,Florida,SWF,NY,New York,2.0,2.0,0700-0759,-8.0,0.0,1000-1059,0.0,1101.0
332128,5,5,UA,OO,DEN,CO,Colorado,CNY,UT,Utah,-14.0,0.0,1600-1659,-17.0,0.0,1700-1759,0.0,283.0
239111,31,3,G4,G4,IAG,NY,New York,PGD,FL,Florida,29.0,29.0,1300-1359,-12.0,0.0,1700-1759,0.0,1129.0
243294,3,3,G4,G4,IAG,NY,New York,PIE,FL,Florida,35.0,35.0,1000-1059,13.0,13.0,1300-1359,0.0,1069.0
453318,30,2,DL,9E,DTW,MI,Michigan,BGM,NY,New York,-6.0,0.0,2100-2159,-12.0,0.0,2200-2259,0.0,378.0
385654,1,1,UA,UA,GUM,TT,U.S. Pacific Trust Territories and Possessions,SPN,TT,U.S. Pacific Trust Territories and Possessions,-14.0,0.0,0800-0859,-20.0,0.0,0800-0859,0.0,129.0
324692,9,2,UA,OO,CNY,UT,Utah,DEN,CO,Colorado,-6.0,0.0,1800-1859,1.0,1.0,1900-1959,0.0,283.0
240923,6,6,G4,G4,PIE,FL,Florida,TOL,OH,Ohio,-7.0,0.0,0600-0659,-30.0,0.0,0800-0859,0.0,945.0
244529,21,7,G4,G4,SMX,CA,California,LAS,NV,Nevada,-15.0,0.0,1500-1559,-1.0,0.0,1600-1659,0.0,310.0
339471,21,7,UA,OO,DEN,CO,Colorado,CNY,UT,Utah,-11.0,0.0,1400-1459,-21.0,0.0,1500-1559,0.0,283.0
243988,25,4,G4,G4,PGD,FL,Florida,TOL,OH,Ohio,-9.0,0.0,0700-0759,-8.0,0.0,1000-1059,0.0,1016.0
325015,4,4,UA,OO,DEN,CO,Colorado,CNY,UT,Utah,-3.0,0.0,1600-1659,-4.0,0.0,1700-1759,0.0,283.0
240801,10,3,G4,G4,STC,MN,Minnesota,AZA,AZ,Arizona,-13.0,0.0,1400-1459,14.0,14.0,1600-1659,0.0,1259.0
243798,31,3,G4,G4,IAG,NY,New York,SFB,FL,Florida,-6.0,0.0,1100-1159,-45.0,0.0,1400-1459,0.0,996.0
565964,26,5,AS,QX,DLG,AK,Alaska,ANC,AK,Alaska,2.0,2.0,1200-1259,6.0,6.0,1300-1359,0.0,329.0
554730,20,6,AS,AS,BRW,AK,Alaska,ANC,AK,Alaska,-3.0,0.0,1700-1759,-13.0,0.0,1900-1959,0.0,725.0
393758,13,6,UA,UA,SPN,TT,U.S. Pacific Trust Territories and Possessions,GUM,TT,U.S. Pacific Trust Territories and Possessions,-10.0,0.0,0900-0959,-17.0,0.0,1000-1059,0.0,129.0
240289,15,1,G4,G4,SWF,NY,New York,SFB,FL,Florida,-22.0,0.0,1000-1059,-20.0,0.0,1200-1259,0.0,965.0
240634,4,4,G4,G4,TOL,OH,Ohio,SFB,FL,Florida,-12.0,0.0,1900-1959,-24.0,0.0,2200-2259,0.0,895.0
245075,19,5,G4,G4,SFB,FL,Florida,HGR,MD,Maryland,26.0,26.0,1700-1759,27.0,27.0,1900-1959,0.0,780.0
246046,28,7,G4,G4,PGD,FL,Florida,STC,MN,Minnesota,-19.0,0.0,1400-1459,,,1700-1759,0.0,1447.0
293842,6,6,NK,NK,MCO,FL,Florida,LBE,PA,Pennsylvania,251.0,251.0,0900-0959,246.0,246.0,1100-1159,0.0,823.0
242889,15,1,G4,G4,CKB,WV,West Virginia,PIE,FL,Florida,-2.0,0.0,1000-1059,-3.0,0.0,1200-1259,0.0,798.0
242330,1,1,G4,G4,PGD,FL,Florida,IAG,NY,New York,-15.0,0.0,1200-1259,-8.0,0.0,1400-1459,0.0,1129.0
332914,2,2,UA,OO,CNY,UT,Utah,DEN,CO,Colorado,47.0,47.0,1800-1859,35.0,35.0,1900-1959,0.0,283.0
545433,4,4,AS,AS,ANC,AK,Alaska,BRW,AK,Alaska,63.0,63.0,1400-1459,66.0,66.0,1600-1659,0.0,725.0
242585,7,7,G4,G4,PGD,FL,Florida,PSM,NH,New Hampshire,-5.0,0.0,0600-0659,-6.0,0.0,0900-0959,0.0,1279.0
564010,15,1,AS,QX,DLG,AK,Alaska,ANC,AK,Alaska,-1.0,0.0,1200-1259,-3.0,0.0,1300-1359,0.0,329.0
332417,3,3,UA,OO,DDC,KS,Kansas,LBL,KS,Kansas,-3.0,0.0,1100-1159,11.0,11.0,1100-1159,0.0,74.0
556392,23,2,AS,AS,BRW,AK,Alaska,ANC,AK,Alaska,,,1700-1759,,,1900-1959,1.0,725.0
566105,27,6,AS,QX,ANC,AK,Alaska,DLG,AK,Alaska,42.0,42.0,1000-1059,43.0,43.0,1100-1159,0.0,329.0
246847,5,5,G4,G4,SWF,NY,New York,PGD,FL,Florida,-16.0,0.0,1100-1159,-34.0,0.0,1400-1459,0.0,1101.0
339931,30,2,UA,OO,CNY,UT,Utah,DEN,CO,Colorado,-3.0,0.0,1800-1859,-8.0,0.0,1900-1959,0.0,283.0
412220,7,7,UA,UA,GUM,TT,U.S. Pacific Trust Territories and Possessions,SPN,TT,U.S. Pacific Trust Territories and Possessions,-13.0,0.0,0800-0859,-18.0,0.0,0800-0859,0.0,129.0
245384,2,2,G4,G4,AZA,AZ,Arizona,TOL,OH,Ohio,15.0,15.0,0600-0659,20.0,20.0,1200-1259,0.0,1625.0
323687,7,7,UA,OO,DEN,CO,Colorado,LBL,KS,Kansas,-2.0,0.0,1500-1559,-11.0,0.0,1700-1759,0.0,280.0
404697,22,1,UA,UA,GUM,TT,U.S. Pacific Trust Territories and Possessions,SPN,TT,U.S. Pacific Trust Territories and Possessions,-12.0,0.0,0800-0859,-21.0,0.0,0800-0859,0.0,129.0
566258,28,7,AS,QX,ANC,AK,Alaska,AKN,AK,Alaska,-6.0,0.0,1500-1559,22.0,22.0,1600-1659,0.0,288.0
321531,21,7,UA,OO,OTH,OR,Oregon,SFO,CA,California,5.0,5.0,1300-1359,3.0,3.0,1500-1559,0.0,412.0
239386,8,1,G4,G4,SFB,FL,Florida,IAG,NY,New York,-5.0,0.0,0700-0759,-17.0,0.0,1000-1059,0.0,996.0
241556,22,1,G4,G4,PGD,FL,Florida,IAG,NY,New York,-14.0,0.0,0700-0759,-26.0,0.0,1000-1059,0.0,1129.0
453314,26,5,DL,9E,DTW,MI,Michigan,BGM,NY,New York,,,2100-2159,,,2200-2259,1.0,378.0
560741,31,3,AS,AS,BRW,AK,Alaska,ANC,AK,Alaska,269.0,269.0,1700-1759,273.0,273.0,1900-1959,0.0,725.0
243794,1,1,G4,G4,SMX,CA,California,LAS,NV,Nevada,98.0,98.0,1400-1459,92.0,92.0,1500-1559,0.0,310.0
338847,31,3,UA,OO,OTH,OR,Oregon,SFO,CA,California,0.0,0.0,1300-1359,12.0,12.0,1500-1559,0.0,412.0
321241,29,1,UA,OO,OTH,OR,Oregon,SFO,CA,California,-9.0,0.0,1300-1359,-28.0,0.0,1500-1559,0.0,412.0
238519,3,3,G4,G4,SWF,NY,New York,PIE,FL,Florida,25.0,25.0,1100-1159,9.0,9.0,1400-1459,0.0,1055.0
244607,2,2,G4,G4,STC,MN,Minnesota,AZA,AZ,Arizona,115.0,115.0,1900-1959,68.0,68.0,2200-2259,0.0,1259.0
239620,4,4,G4,G4,IAG,NY,New York,PGD,FL,Florida,2.0,2.0,1900-1959,-4.0,0.0,2200-2259,0.0,1129.0
241893,25,4,G4,G4,SWF,NY,New York,PIE,FL,Florida,-4.0,0.0,1100-1159,-26.0,0.0,1500-1559,0.0,1055.0
561549,2,2,AS,QX,ANC,AK,Alaska,DLG,AK,Alaska,8.0,8.0,0900-0959,-4.0,0.0,1100-1159,0.0,329.0
561952,4,4,AS,QX,ANC,AK,Alaska,DLG,AK,Alaska,18.0,18.0,0900-0959,36.0,36.0,1100-1159,0.0,329.0
564121,16,2,AS,QX,ANC,AK,Alaska,BRW,AK,Alaska,,,0700-0759,,,0900-0959,1.0,725.0
240087,5,5,G4,G4,IAG,NY,New York,PGD,FL,Florida,-25.0,0.0,2000-2059,-46.0,0.0,2300-2359,0.0,1129.0
453311,23,2,DL,9E,DTW,MI,Michigan,BGM,NY,New York,620.0,620.0,2100-2159,624.0,624.0,2200-2259,0.0,378.0
241496,26,5,G4,G4,MYR,SC,South Carolina,SWF,NY,New York,14.0,14.0,1500-1559,25.0,25.0,1700-1759,0.0,601.0
381289,14,7,UA,UA,SPN,TT,U.S. Pacific Trust Territories and Possessions,GUM,TT,U.S. Pacific Trust Territories and Possessions,-22.0,0.0,0900-0959,-31.0,0.0,1000-1059,0.0,129.0
239607,15,1,G4,G4,HGR,MD,Maryland,SFB,FL,Florida,26.0,26.0,2000-2059,57.0,57.0,2200-2259,0.0,780.0
553525,18,4,AS,AS,ANC,AK,Alaska,BRW,AK,Alaska,2.0,2.0,1400-1459,3.0,3.0,1600-1659,0.0,725.0
356661,31,3,DL,OO,EKO,NV,Nevada,SLC,UT,Utah,-9.0,0.0,0600-0659,-16.0,0.0,0800-0859,0.0,200.0
336354,23,2,UA,OO,CNY,UT,Utah,DEN,CO,Colorado,-10.0,0.0,1800-1859,-18.0,0.0,1900-1959,0.0,283.0
244882,18,4,G4,G4,TOL,OH,Ohio,PIE,FL,Florida,-7.0,0.0,1900-1959,7.0,7.0,2100-2159,0.0,945.0
371777,30,2,UA,UA,SPN,TT,U.S. Pacific Trust Territories and Possessions,GUM,TT,U.S. Pacific Trust Territories and Possessions,-13.0,0.0,0900-0959,-21.0,0.0,1000-1059,0.0,129.0
564027,15,1,AS,QX,AKN,AK,Alaska,ANC,AK,Alaska,79.0,79.0,1700-1759,69.0,69.0,1800-1859,0.0,288.0
557391,25,4,AS,AS,ANC,AK,Alaska,BRW,AK,Alaska,1.0,1.0,1400-1459,-10.0,0.0,1600-1659,0.0,725.0
353126,24,3,DL,OO,SLC,UT,Utah,EKO,NV,Nevada,-3.0,0.0,2100-2159,-25.0,0.0,2100-2159,0.0,200.0
293674,8,1,NK,NK,LBE,PA,Pennsylvania,MCO,FL,Florida,2.0,2.0,1200-1259,-13.0,0.0,1500-1559,0.0,823.0
242613,21,7,G4,G4,CKB,WV,West Virginia,SFB,FL,Florida,-23.0,0.0,2100-2159,-21.0,0.0,2300-2359,0.0,727.0
451284,3,3,DL,9E,BGM,NY,New York,LGA,NY,New York,-5.0,0.0,0700-0759,-14.0,0.0,0800-0859,0.0,147.0
243732,25,4,G4,G4,TOL,OH,Ohio,PGD,FL,Florida,-7.0,0.0,1100-1159,-9.0,0.0,1400-1459,0.0,1016.0
241930,10,3,G4,G4,IAG,NY,New York,SFB,FL,Florida,0.0,0.0,1200-1259,-25.0,0.0,1400-1459,0.0,996.0
241622,3,3,G4,G4,PGD,FL,Florida,PSM,NH,New Hampshire,-12.0,0.0,0800-0859,-24.0,0.0,1100-1159,0.0,1279.0
563803,14,7,AS,QX,ANC,AK,Alaska,DLG,AK,Alaska,-6.0,0.0,1000-1059,-13.0,0.0,1100-1159,0.0,329.0
565057,21,7,AS,QX,DLG,AK,Alaska,ANC,AK,Alaska,23.0,23.0,1200-1259,20.0,20.0,1300-1359,0.0,329.0
245290,21,7,G4,G4,PIE,FL,Florida,HGR,MD,Maryland,-5.0,0.0,0800-0859,-16.0,0.0,1000-1059,0.0,861.0
555802,22,1,AS,AS,BRW,AK,Alaska,ANC,AK,Alaska,37.0,37.0,1700-1759,41.0,41.0,1900-1959,0.0,725.0
241111,7,7,G4,G4,SMX,CA,California,LAS,NV,Nevada,-1.0,0.0,1400-1459,-3.0,0.0,1600-1659,0.0,310.0
566297,28,7,AS,QX,ANC,AK,Alaska,DLG,AK,Alaska,99.0,99.0,1000-1059,85.0,85.0,1100-1159,0.0,329.0
566816,31,3,AS,QX,DLG,AK,Alaska,ANC,AK,Alaska,152.0,152.0,1200-1259,150.0,150.0,1300-1359,0.0,329.0
371776,30,2,UA,UA,GUM,TT,U.S. Pacific Trust Territories and Possessions,SPN,TT,U.S. Pacific Trust Territories and Possessions,-12.0,0.0,0800-0859,-14.0,0.0,0800-0859,0.0,129.0
344508,8,1,UA,OO,SFO,CA,California,OTH,OR,Oregon,-4.0,0.0,1100-1159,-5.0,0.0,1200-1259,0.0,412.0
239108,15,1,G4,G4,PGD,FL,Florida,IAG,NY,New York,-14.0,0.0,0700-0759,-27.0,0.0,1000-1059,0.0,1129.0
364164,7,7,DL,OO,SLC,UT,Utah,EKO,NV,Nevada,-4.0,0.0,2100-2159,-31.0,0.0,2100-2159,0.0,200.0
239346,6,6,G4,G4,IAG,NY,New York,PGD,FL,Florida,35.0,35.0,2000-2059,,,2300-2359,0.0,1129.0
243752,21,7,G4,G4,PGD,FL,Florida,TOL,OH,Ohio,-8.0,0.0,0700-0759,-9.0,0.0,1000-1059,0.0,1016.0
566303,28,7,AS,QX,DLG,AK,Alaska,ANC,AK,Alaska,90.0,90.0,1200-1259,109.0,109.0,1300-1359,0.0,329.0
325185,8,1,UA,OO,CNY,UT,Utah,DEN,CO,Colorado,-10.0,0.0,1800-1859,-12.0,0.0,1900-1959,0.0,283.0
243146,3,3,G4,G4,PGD,FL,Florida,IAG,NY,New York,60.0,60.0,1500-1559,47.0,47.0,1800-1859,0.0,1129.0
239411,25,4,G4,G4,SFB,FL,Florida,CKB,WV,West Virginia,-8.0,0.0,1600-1659,-10.0,0.0,1800-1859,0.0,727.0
334138,1,1,UA,OO,OTH,OR,Oregon,SFO,CA,California,7.0,7.0,1300-1359,-3.0,0.0,1500-1559,0.0,412.0
239087,2,2,G4,G4,TOL,OH,Ohio,AZA,AZ,Arizona,16.0,16.0,1200-1259,-27.0,0.0,1500-1559,0.0,1625.0
245216,29,1,G4,G4,HGR,MD,Maryland,SFB,FL,Florida,-8.0,0.0,2000-2059,-28.0,0.0,2200-2259,0.0,780.0
293861,25,4,NK,NK,MCO,FL,Florida,LBE,PA,Pennsylvania,-7.0,0.0,1000-1059,-11.0,0.0,1200-1259,0.0,823.0
328606,25,4,DL,OO,EKO,NV,Nevada,SLC,UT,Utah,60.0,60.0,0600-0659,144.0,144.0,0800-0859,0.0,200.0
244948,21,7,G4,G4,PSM,NH,New Hampshire,SFB,FL,Florida,27.0,27.0,1100-1159,-1.0,0.0,1400-1459,0.0,1144.0
336417,31,3,UA,OO,CNY,UT,Utah,DEN,CO,Colorado,-8.0,0.0,1800-1859,-13.0,0.0,1900-1959,0.0,283.0
245037,1,1,G4,G4,PGD,FL,Florida,TOL,OH,Ohio,-8.0,0.0,1200-1259,-15.0,0.0,1400-1459,0.0,1016.0
252621,11,4,HA,HA,PPG,TT,U.S. Pacific Trust Territories and Possessions,HNL,HI,Hawaii,-12.0,0.0,2300-2359,-23.0,0.0,0001-0559,0.0,2599.0
353645,26,5,DL,OO,SLC,UT,Utah,EKO,NV,Nevada,-7.0,0.0,2100-2159,-31.0,0.0,2100-2159,0.0,200.0
239144,19,5,G4,G4,SWF,NY,New York,MYR,SC,South Carolina,2.0,2.0,1800-1859,3.0,3.0,2000-2059,0.0,601.0
338926,21,7,UA,OO,SFO,CA,California,OTH,OR,Oregon,-6.0,0.0,1100-1159,16.0,16.0,1300-1359,0.0,412.0
451814,7,7,DL,9E,LGA,NY,New York,BGM,NY,New York,-10.0,0.0,2100-2159,-7.0,0.0,2200-2259,0.0,147.0
356478,30,2,DL,OO,EKO,NV,Nevada,SLC,UT,Utah,-13.0,0.0,0600-0659,-24.0,0.0,0800-0859,0.0,200.0
377541,16,2,UA,UA,GUM,TT,U.S. Pacific Trust Territories and Possessions,SPN,TT,U.S. Pacific Trust Territories and Possessions,-11.0,0.0,0800-0859,-15.0,0.0,0800-0859,0.0,129.0
240754,17,3,G4,G4,SFB,FL,Florida,IAG,NY,New York,9.0,9.0,0800-0859,,,1100-1159,0.0,996.0
293684,18,4,NK,NK,LBE,PA,Pennsylvania,MCO,FL,Florida,97.0,97.0,1300-1359,85.0,85.0,1600-1659,0.0,823.0
452810,20,6,DL,9E,BGM,NY,New York,DTW,MI,Michigan,-11.0,0.0,0001-0559,-18.0,0.0,0700-0759,0.0,378.0
560742,31,3,AS,AS,ANC,AK,Alaska,BRW,AK,Alaska,296.0,296.0,1400-1459,292.0,292.0,1600-1659,0.0,725.0
452798,8,1,DL,9E,BGM,NY,New York,DTW,MI,Michigan,-3.0,0.0,0001-0559,-26.0,0.0,0700-0759,0.0,378.0
339751,27,6,UA,OO,DEN,CO,Colorado,CNY,UT,Utah,-8.0,0.0,1400-1459,-4.0,0.0,1500-1559,0.0,283.0
241456,6,6,G4,G4,SFB,FL,Florida,PSM,NH,New Hampshire,-8.0,0.0,1500-1559,-28.0,0.0,1800-1859,0.0,1144.0
393757,13,6,UA,UA,GUM,TT,U.S. Pacific Trust Territories and Possessions,SPN,TT,U.S. Pacific Trust Territories and Possessions,-2.0,0.0,0800-0859,-3.0,0.0,0800-0859,0.0,129.0
242959,15,1,G4,G4,PIE,FL,Florida,CKB,WV,West Virginia,-11.0,0.0,0700-0759,-21.0,0.0,0900-0959,0.0,798.0
241718,7,7,G4,G4,IAG,NY,New York,PGD,FL,Florida,-25.0,0.0,1900-1959,-29.0,0.0,2200-2259,0.0,1129.0
369922,31,3,UA,UA,GUM,TT,U.S. Pacific Trust Territories and Possessions,SPN,TT,U.S. Pacific Trust Territories and Possessions,-13.0,0.0,0800-0859,-19.0,0.0,0800-0859,0.0,129.0
293688,22,1,NK,NK,LBE,PA,Pennsylvania,MCO,FL,Florida,-11.0,0.0,1200-1259,-27.0,0.0,1500-1559,0.0,823.0
246838,11,4,G4,G4,HGR,MD,Maryland,PIE,FL,Florida,-11.0,0.0,1100-1159,-12.0,0.0,1400-1459,0.0,861.0
293670,4,4,NK,NK,LBE,PA,Pennsylvania,MCO,FL,Florida,23.0,23.0,1300-1359,21.0,21.0,1600-1659,0.0,823.0
363886,13,6,DL,OO,EKO,NV,Nevada,SLC,UT,Utah,-11.0,0.0,0600-0659,-15.0,0.0,0800-0859,0.0,200.0
323520,6,6,UA,OO,LBL,KS,Kansas,DDC,KS,Kansas,0.0,0.0,1700-1759,-11.0,0.0,1800-1859,0.0,74.0
243257,20,6,G4,G4,STC,MN,Minnesota,AZA,AZ,Arizona,-4.0,0.0,1200-1259,-16.0,0.0,1400-1459,0.0,1259.0
343728,1,1,UA,OO,SFO,CA,California,OTH,OR,Oregon,44.0,44.0,1100-1159,35.0,35.0,1200-1259,0.0,412.0
312402,16,2,UA,OO,CNY,UT,Utah,DEN,CO,Colorado,-5.0,0.0,1800-1859,-18.0,0.0,1900-1959,0.0,283.0
332625,13,6,UA,OO,DEN,CO,Colorado,CNY,UT,Utah,-10.0,0.0,1400-1459,-6.0,0.0,1500-1559,0.0,283.0
245578,29,1,G4,G4,PGD,FL,Florida,SWF,NY,New York,270.0,270.0,0700-0759,270.0,270.0,1000-1059,0.0,1101.0
562746,8,1,AS,QX,ANC,AK,Alaska,DLG,AK,Alaska,10.0,10.0,1000-1059,-1.0,0.0,1100-1159,0.0,329.0
453296,8,1,DL,9E,DTW,MI,Michigan,BGM,NY,New York,5.0,5.0,2100-2159,-14.0,0.0,2200-2259,0.0,378.0
326198,18,4,UA,OO,CNY,UT,Utah,DEN,CO,Colorado,-10.0,0.0,1800-1859,-14.0,0.0,1900-1959,0.0,283.0
563085,10,3,AS,QX,AKN,AK,Alaska,ANC,AK,Alaska,2.0,2.0,1700-1759,-5.0,0.0,1800-1859,0.0,288.0
245985,6,6,G4,G4,PGD,FL,Florida,STC,MN,Minnesota,-8.0,0.0,0800-0859,-5.0,0.0,1000-1059,0.0,1447.0
239547,2,2,G4,G4,PGD,FL,Florida,PSM,NH,New Hampshire,-6.0,0.0,0700-0759,-3.0,0.0,1000-1059,0.0,1279.0
246716,29,1,G4,G4,TOL,OH,Ohio,SFB,FL,Florida,-3.0,0.0,1900-1959,-22.0,0.0,2200-2259,0.0,895.0
349854,22,1,DL,OO,SLC,UT,Utah,EKO,NV,Nevada,-2.0,0.0,2100-2159,-12.0,0.0,2100-2159,0.0,200.0
293841,5,5,NK,NK,MCO,FL,Florida,LBE,PA,Pennsylvania,-6.0,0.0,0900-0959,-1.0,0.0,1100-1159,0.0,823.0
240983,21,7,G4,G4,IAG,NY,New York,PIE,FL,Florida,1.0,1.0,1100-1159,-32.0,0.0,1500-1559,0.0,1069.0
453303,15,1,DL,9E,DTW,MI,Michigan,BGM,NY,New York,8.0,8.0,2100-2159,-4.0,0.0,2200-2259,0.0,378.0
241027,4,4,G4,G4,SFB,FL,Florida,TOL,OH,Ohio,-13.0,0.0,1600-1659,-19.0,0.0,1800-1859,0.0,895.0
337158,29,1,UA,OO,SFO,CA,California,OTH,OR,Oregon,-10.0,0.0,1100-1159,-32.0,0.0,1300-1359,0.0,412.0
293672,6,6,NK,NK,LBE,PA,Pennsylvania,MCO,FL,Florida,241.0,241.0,1200-1259,229.0,229.0,1500-1559,0.0,823.0
453309,21,7,DL,9E,DTW,MI,Michigan,BGM,NY,New York,-1.0,0.0,2100-2159,-8.0,0.0,2200-2259,0.0,378.0
243887,19,5,G4,G4,PGD,FL,Florida,IAG,NY,New York,6.0,6.0,0700-0759,-4.0,0.0,1000-1059,0.0,1129.0
332103,5,5,UA,OO,CNY,UT,Utah,DEN,CO,Colorado,-19.0,0.0,1800-1859,-26.0,0.0,1900-1959,0.0,283.0
422932,5,5,UA,UA,SPN,TT,U.S. Pacific Trust Territories and Possessions,GUM,TT,U.S. Pacific Trust Territories and Possessions,-20.0,0.0,0900-0959,-26.0,0.0,1000-1059,0.0,129.0
243538,1,1,G4,G4,PIE,FL,Florida,IAG,NY,New York,-12.0,0.0,1700-1759,-13.0,0.0,1900-1959,0.0,1069.0
337932,22,1,UA,OO,DEN,CO,Colorado,CNY,UT,Utah,234.0,234.0,1400-1459,231.0,231.0,1500-1559,0.0,283.0
239617,22,1,G4,G4,PGD,FL,Florida,PSM,NH,New Hampshire,169.0,169.0,1400-1459,158.0,158.0,1700-1759,0.0,1279.0
241424,26,5,G4,G4,PGD,FL,Florida,PSM,NH,New Hampshire,-3.0,0.0,1400-1459,4.0,4.0,1700-1759,0.0,1279.0
293864,28,7,NK,NK,MCO,FL,Florida,LBE,PA,Pennsylvania,0.0,0.0,1000-1059,-14.0,0.0,1200-1259,0.0,823.0
242644,2,2,G4,G4,PSM,NH,New Hampshire,PGD,FL,Florida,10.0,10.0,1000-1059,-7.0,0.0,1400-1459,0.0,1279.0
239924,2,2,G4,G4,SWF,NY,New York,PGD,FL,Florida,5.0,5.0,0900-0959,-27.0,0.0,1200-1259,0.0,1101.0
557390,25,4,AS,AS,BRW,AK,Alaska,ANC,AK,Alaska,8.0,8.0,1700-1759,4.0,4.0,1900-1959,0.0,725.0
246054,2,2,G4,G4,TOL,OH,Ohio,SFB,FL,Florida,-3.0,0.0,2000-2059,-17.0,0.0,2200-2259,0.0,895.0
562562,7,7,AS,QX,DLG,AK,Alaska,ANC,AK,Alaska,198.0,198.0,1200-1259,200.0,200.0,1300-1359,0.0,329.0
239668,6,6,G4,G4,TOL,OH,Ohio,PGD,FL,Florida,37.0,37.0,2000-2059,44.0,44.0,2300-2359,0.0,1016.0
245396,12,5,G4,G4,PIE,FL,Florida,CKB,WV,West Virginia,-3.0,0.0,0700-0759,-23.0,0.0,0900-0959,0.0,798.0
313687,19,5,DL,OO,EKO,NV,Nevada,SLC,UT,Utah,-8.0,0.0,0600-0659,-19.0,0.0,0800-0859,0.0,200.0
397698,11,4,UA,UA,GUM,TT,U.S. Pacific Trust Territories and Possessions,SPN,TT,U.S. Pacific Trust Territories and Possessions,-11.0,0.0,0800-0859,-10.0,0.0,0800-0859,0.0,129.0
242992,22,1,G4,G4,MYR,SC,South Carolina,SWF,NY,New York,-26.0,0.0,1500-1559,-35.0,0.0,1700-1759,0.0,601.0
359253,5,5,UA,OO,OTH,OR,Oregon,SFO,CA,California,0.0,0.0,1300-1359,-8.0,0.0,1500-1559,0.0,412.0
550933,13,6,AS,AS,ADK,AK,Alaska,ANC,AK,Alaska,31.0,31.0,1400-1459,36.0,36.0,1800-1859,0.0,1192.0
293677,11,4,NK,NK,LBE,PA,Pennsylvania,MCO,FL,Florida,-12.0,0.0,1300-1359,-24.0,0.0,1600-1659,0.0,823.0
338175,26,5,UA,OO,CNY,UT,Utah,DEN,CO,Colorado,-10.0,0.0,1800-1859,-20.0,0.0,1900-1959,0.0,283.0
453313,25,4,DL,9E,DTW,MI,Michigan,BGM,NY,New York,,,2100-2159,,,2200-2259,1.0,378.0
240536,7,7,G4,G4,TOL,OH,Ohio,AZA,AZ,Arizona,22.0,22.0,2000-2059,23.0,23.0,2200-2259,0.0,1625.0
242448,27,6,G4,G4,PGD,FL,Florida,IAG,NY,New York,-2.0,0.0,0700-0759,-21.0,0.0,1000-1059,0.0,1129.0
246841,1,1,G4,G4,TOL,OH,Ohio,PGD,FL,Florida,-10.0,0.0,1500-1559,-12.0,0.0,1800-1859,0.0,1016.0
242582,17,3,G4,G4,IAG,NY,New York,SFB,FL,Florida,307.0,307.0,1200-1259,286.0,286.0,1400-1459,0.0,996.0
315503,18,4,DL,OO,SLC,UT,Utah,EKO,NV,Nevada,-5.0,0.0,2100-2159,-27.0,0.0,2100-2159,0.0,200.0
241522,12,5,G4,G4,SFB,FL,Florida,TOL,OH,Ohio,-7.0,0.0,1700-1759,-10.0,0.0,2000-2059,0.0,895.0
324937,14,7,UA,OO,CNY,UT,Utah,DEN,CO,Colorado,-11.0,0.0,1800-1859,-23.0,0.0,1900-1959,0.0,283.0
238436,20,6,G4,G4,IAG,NY,New York,PGD,FL,Florida,11.0,11.0,1100-1159,58.0,58.0,1400-1459,0.0,1129.0
243688,12,5,G4,G4,PSM,NH,New Hampshire,PGD,FL,Florida,7.0,7.0,1800-1859,-5.0,0.0,2200-2259,0.0,1279.0
354821,29,1,DL,OO,SLC,UT,Utah,EKO,NV,Nevada,-12.0,0.0,2100-2159,-36.0,0.0,2100-2159,0.0,200.0
551349,14,7,AS,AS,BRW,AK,Alaska,ANC,AK,Alaska,,,1700-1759,,,1900-1959,1.0,725.0
355098,31,3,DL,OO,SLC,UT,Utah,EKO,NV,Nevada,2.0,2.0,2100-2159,-13.0,0.0,2100-2159,0.0,200.0
562124,5,5,AS,QX,ANC,AK,Alaska,AKN,AK,Alaska,8.0,8.0,1500-1559,0.0,0.0,1600-1659,0.0,288.0
383751,2,2,UA,UA,GUM,TT,U.S. Pacific Trust Territories and Possessions,SPN,TT,U.S. Pacific Trust Territories and Possessions,-7.0,0.0,0800-0859,-11.0,0.0,0800-0859,0.0,129.0
360237,15,1,DL,OO,SLC,UT,Utah,EKO,NV,Nevada,-4.0,0.0,2100-2159,-27.0,0.0,2100-2159,0.0,200.0
555214,21,7,AS,AS,BRW,AK,Alaska,ANC,AK,Alaska,,,1700-1759,,,1900-1959,1.0,725.0
358206,7,7,DL,OO,EKO,NV,Nevada,SLC,UT,Utah,174.0,174.0,0600-0659,196.0,196.0,0800-0859,0.0,200.0
332407,3,3,UA,OO,DEN,CO,Colorado,LBL,KS,Kansas,-7.0,0.0,1500-1559,-14.0,0.0,1700-1759,0.0,280.0
239363,28,7,G4,G4,IAG,NY,New York,PIE,FL,Florida,-3.0,0.0,1100-1159,-17.0,0.0,1500-1559,0.0,1069.0
563268,11,4,AS,QX,DLG,AK,Alaska,ANC,AK,Alaska,-11.0,0.0,1200-1259,15.0,15.0,1300-1359,0.0,329.0
565587,24,3,AS,QX,AKN,AK,Alaska,ANC,AK,Alaska,-16.0,0.0,1700-1759,-22.0,0.0,1800-1859,0.0,288.0
240995,15,1,G4,G4,TOL,OH,Ohio,SFB,FL,Florida,-23.0,0.0,2000-2059,-27.0,0.0,2300-2359,0.0,895.0
238573,8,1,G4,G4,PGD,FL,Florida,IAG,NY,New York,-2.0,0.0,1500-1559,-16.0,0.0,1800-1859,0.0,1129.0
566517,29,1,AS,QX,AKN,AK,Alaska,ANC,AK,Alaska,44.0,44.0,1700-1759,41.0,41.0,1800-1859,0.0,288.0
240638,22,1,G4,G4,SFB,FL,Florida,TOL,OH,Ohio,-20.0,0.0,1600-1659,-33.0,0.0,1900-1959,0.0,895.0
561771,3,3,AS,QX,AKN,AK,Alaska,ANC,AK,Alaska,-5.0,0.0,1700-1759,-8.0,0.0,1800-1859,0.0,288.0
245607,8,1,G4,G4,SFB,FL,Florida,CKB,WV,West Virginia,-7.0,0.0,0600-0659,1.0,1.0,0800-0859,0.0,727.0
238796,12,5,G4,G4,SFB,FL,Florida,HGR,MD,Maryland,15.0,15.0,1700-1759,1.0,1.0,1900-1959,0.0,780.0
241579,20,6,G4,G4,PGD,FL,Florida,IAG,NY,New York,-1.0,0.0,0700-0759,-4.0,0.0,1000-1059,0.0,1129.0
564004,15,1,AS,QX,ANC,AK,Alaska,DLG,AK,Alaska,2.0,2.0,1000-1059,5.0,5.0,1100-1159,0.0,329.0
324909,10,3,UA,OO,DEN,CO,Colorado,CNY,UT,Utah,115.0,115.0,1400-1459,112.0,112.0,1500-1559,0.0,283.0
451809,2,2,DL,9E,LGA,NY,New York,BGM,NY,New York,24.0,24.0,1900-1959,-1.0,0.0,2100-2159,0.0,147.0
243514,3,3,G4,G4,MYR,SC,South Carolina,SWF,NY,New York,-15.0,0.0,1500-1559,-26.0,0.0,1700-1759,0.0,601.0
242823,18,4,G4,G4,SFB,FL,Florida,PSM,NH,New Hampshire,-7.0,0.0,0700-0759,-17.0,0.0,1000-1059,0.0,1144.0
323559,7,7,UA,OO,DDC,KS,Kansas,LBL,KS,Kansas,-7.0,0.0,1100-1159,-16.0,0.0,1100-1159,0.0,74.0
324931,14,7,UA,OO,DEN,CO,Colorado,CNY,UT,Utah,-7.0,0.0,1400-1459,-10.0,0.0,1500-1559,0.0,283.0
555803,22,1,AS,AS,ANC,AK,Alaska,BRW,AK,Alaska,16.0,16.0,1400-1459,12.0,12.0,1600-1659,0.0,725.0
243511,11,4,G4,G4,IAG,NY,New York,PIE,FL,Florida,-13.0,0.0,1100-1159,10.0,10.0,1500-1559,0.0,1069.0
240957,8,1,G4,G4,CKB,WV,West Virginia,SFB,FL,Florida,-4.0,0.0,0900-0959,-6.0,0.0,1100-1159,0.0,727.0
239061,7,7,G4,G4,PSM,NH,New Hampshire,PGD,FL,Florida,-2.0,0.0,1000-1059,46.0,46.0,1400-1459,0.0,1279.0
453302,14,7,DL,9E,DTW,MI,Michigan,BGM,NY,New York,59.0,59.0,2100-2159,75.0,75.0,2200-2259,0.0,378.0
241267,5,5,G4,G4,AZA,AZ,Arizona,TOL,OH,Ohio,-6.0,0.0,0700-0759,3.0,3.0,1200-1259,0.0,1625.0
241671,12,5,G4,G4,SWF,NY,New York,MYR,SC,South Carolina,-27.0,0.0,1800-1859,-26.0,0.0,2000-2059,0.0,601.0
242796,22,1,G4,G4,IAG,NY,New York,PGD,FL,Florida,-9.0,0.0,1100-1159,-31.0,0.0,1400-1459,0.0,1129.0
412221,7,7,UA,UA,SPN,TT,U.S. Pacific Trust Territories and Possessions,GUM,TT,U.S. Pacific Trust Territories and Possessions,-20.0,0.0,0900-0959,-25.0,0.0,1000-1059,0.0,129.0
293667,1,1,NK,NK,LBE,PA,Pennsylvania,MCO,FL,Florida,2.0,2.0,1200-1259,0.0,0.0,1500-1559,0.0,823.0
245480,5,5,G4,G4,HGR,MD,Maryland,SFB,FL,Florida,37.0,37.0,2100-2159,37.0,37.0,2300-2359,0.0,780.0
245077,26,5,G4,G4,IAG,NY,New York,PGD,FL,Florida,-17.0,0.0,1100-1159,-29.0,0.0,1400-1459,0.0,1129.0
244448,7,7,G4,G4,HGR,MD,Maryland,PIE,FL,Florida,-23.0,0.0,2100-2159,-30.0,0.0,2300-2359,0.0,861.0
453299,11,4,DL,9E,DTW,MI,Michigan,BGM,NY,New York,-6.0,0.0,2100-2159,-23.0,0.0,2200-2259,0.0,378.0
241106,7,7,G4,G4,PIE,FL,Florida,HGR,MD,Maryland,-10.0,0.0,1700-1759,-28.0,0.0,2000-2059,0.0,861.0
334200,10,3,UA,OO,OTH,OR,Oregon,SFO,CA,California,125.0,125.0,1300-1359,118.0,118.0,1500-1559,0.0,412.0
240665,6,6,G4,G4,CKB,WV,West Virginia,SFB,FL,Florida,-17.0,0.0,0900-0959,11.0,11.0,1100-1159,0.0,727.0
243006,15,1,G4,G4,IAG,NY,New York,PGD,FL,Florida,-17.0,0.0,1100-1159,-11.0,0.0,1400-1459,0.0,1129.0
245982,14,7,G4,G4,PIE,FL,Florida,IAG,NY,New York,4.0,4.0,0800-0859,-2.0,0.0,1100-1159,0.0,1069.0
252616,29,1,HA,HA,HNL,HI,Hawaii,PPG,TT,U.S. Pacific Trust Territories and Possessions,20.0,20.0,1600-1659,13.0,13.0,2100-2159,0.0,2599.0
239678,11,4,G4,G4,SFB,FL,Florida,CKB,WV,West Virginia,-5.0,0.0,1800-1859,-20.0,0.0,2000-2059,0.0,727.0
243587,24,3,G4,G4,AZA,AZ,Arizona,STC,MN,Minnesota,-5.0,0.0,0900-0959,-19.0,0.0,1300-1359,0.0,1259.0
546776,6,6,AS,AS,BRW,AK,Alaska,ANC,AK,Alaska,33.0,33.0,1700-1759,32.0,32.0,1900-1959,0.0,725.0
242271,11,4,G4,G4,CKB,WV,West Virginia,SFB,FL,Florida,-14.0,0.0,2100-2159,-12.0,0.0,2300-2359,0.0,727.0
545432,4,4,AS,AS,BRW,AK,Alaska,ANC,AK,Alaska,55.0,55.0,1700-1759,65.0,65.0,1900-1959,0.0,725.0
560818,31,3,AS,AS,ANC,AK,Alaska,ADK,AK,Alaska,36.0,36.0,1100-1159,26.0,26.0,1300-1359,0.0,1192.0
293695,29,1,NK,NK,LBE,PA,Pennsylvania,MCO,FL,Florida,-7.0,0.0,1200-1259,-33.0,0.0,1500-1559,0.0,823.0
452802,12,5,DL,9E,BGM,NY,New York,DTW,MI,Michigan,8.0,8.0,0001-0559,3.0,3.0,0700-0759,0.0,378.0
379506,15,1,UA,UA,SPN,TT,U.S. Pacific Trust Territories and Possessions,GUM,TT,U.S. Pacific Trust Territories and Possessions,-22.0,0.0,0900-0959,-28.0,0.0,1000-1059,0.0,129.0
239869,3,3,G4,G4,SWF,NY,New York,MYR,SC,South Carolina,-6.0,0.0,1800-1859,-3.0,0.0,2000-2059,0.0,601.0
557991,26,5,AS,AS,ANC,AK,Alaska,BRW,AK,Alaska,-9.0,0.0,1400-1459,-28.0,0.0,1600-1659,0.0,725.0
563488,12,5,AS,QX,AKN,AK,Alaska,ANC,AK,Alaska,64.0,64.0,1700-1759,50.0,50.0,1800-1859,0.0,288.0
323536,3,3,UA,OO,LBL,KS,Kansas,DDC,KS,Kansas,-4.0,0.0,1700-1759,-17.0,0.0,1800-1859,0.0,74.0
314168,19,5,DL,OO,SLC,UT,Utah,EKO,NV,Nevada,-8.0,0.0,2100-2159,-30.0,0.0,2100-2159,0.0,200.0
252623,18,4,HA,HA,PPG,TT,U.S. Pacific Trust Territories and Possessions,HNL,HI,Hawaii,-4.0,0.0,2300-2359,12.0,12.0,0001-0559,0.0,2599.0
242485,14,7,G4,G4,TOL,OH,Ohio,PIE,FL,Florida,4.0,4.0,1900-1959,-10.0,0.0,2100-2159,0.0,945.0
241953,5,5,G4,G4,SWF,NY,New York,SFB,FL,Florida,12.0,12.0,2000-2059,6.0,6.0,2300-2359,0.0,965.0
245018,28,7,G4,G4,PIE,FL,Florida,IAG,NY,New York,-5.0,0.0,0800-0859,-15.0,0.0,1100-1159,0.0,1069.0
252625,25,4,HA,HA,PPG,TT,U.S. Pacific Trust Territories and Possessions,HNL,HI,Hawaii,-15.0,0.0,2300-2359,-14.0,0.0,0001-0559,0.0,2599.0
451288,7,7,DL,9E,BGM,NY,New York,LGA,NY,New York,,,0700-0759,,,0800-0859,1.0,147.0
544772,3,3,AS,AS,ANC,AK,Alaska,BRW,AK,Alaska,50.0,50.0,1400-1459,47.0,47.0,1600-1659,0.0,725.0
563809,14,7,AS,QX,DLG,AK,Alaska,ANC,AK,Alaska,-15.0,0.0,1200-1259,-15.0,0.0,1300-1359,0.0,329.0
453297,9,2,DL,9E,DTW,MI,Michigan,BGM,NY,New York,21.0,21.0,2100-2159,19.0,19.0,2200-2259,0.0,378.0
566782,31,3,AS,QX,ANC,AK,Alaska,AKN,AK,Alaska,-3.0,0.0,1500-1559,-18.0,0.0,1600-1659,0.0,288.0
333792,12,5,UA,OO,DEN,CO,Colorado,CNY,UT,Utah,361.0,361.0,1400-1459,377.0,377.0,1500-1559,0.0,283.0
245124,15,1,G4,G4,SFB,FL,Florida,SWF,NY,New York,-7.0,0.0,0600-0659,-30.0,0.0,0900-0959,0.0,965.0
558599,27,6,AS,AS,ANC,AK,Alaska,BRW,AK,Alaska,-7.0,0.0,1400-1459,-25.0,0.0,1600-1659,0.0,725.0
241376,1,1,G4,G4,PSM,NH,New Hampshire,PGD,FL,Florida,-11.0,0.0,1200-1259,-30.0,0.0,1600-1659,0.0,1279.0
559670,29,1,AS,AS,BRW,AK,Alaska,ANC,AK,Alaska,,,1700-1759,,,1900-1959,1.0,725.0
451283,2,2,DL,9E,BGM,NY,New York,LGA,NY,New York,-4.0,0.0,0700-0759,5.0,5.0,0800-0859,0.0,147.0
293696,30,2,NK,NK,LBE,PA,Pennsylvania,MCO,FL,Florida,-12.0,0.0,1300-1359,-11.0,0.0,1500-1559,0.0,823.0
243928,18,4,G4,G4,HGR,MD,Maryland,PIE,FL,Florida,37.0,37.0,1100-1159,35.0,35.0,1400-1459,0.0,861.0
565367,23,2,AS,QX,ANC,AK,Alaska,BRW,AK,Alaska,0.0,0.0,0700-0759,5.0,5.0,0900-0959,0.0,725.0
564859,20,6,AS,QX,ANC,AK,Alaska,DLG,AK,Alaska,-2.0,0.0,1000-1059,-17.0,0.0,1100-1159,0.0,329.0
339659,24,3,UA,OO,DEN,CO,Colorado,CNY,UT,Utah,-7.0,0.0,1400-1459,-3.0,0.0,1500-1559,0.0,283.0
239209,25,4,G4,G4,PSM,NH,New Hampshire,SFB,FL,Florida,-24.0,0.0,1100-1159,-54.0,0.0,1400-1459,0.0,1144.0
240348,26,5,G4,G4,SWF,NY,New York,PGD,FL,Florida,-5.0,0.0,1100-1159,-10.0,0.0,1400-1459,0.0,1101.0
452808,18,4,DL,9E,BGM,NY,New York,DTW,MI,Michigan,-6.0,0.0,0001-0559,-25.0,0.0,0700-0759,0.0,378.0
565766,25,4,AS,QX,DLG,AK,Alaska,ANC,AK,Alaska,7.0,7.0,1200-1259,9.0,9.0,1300-1359,0.0,329.0
242373,24,3,G4,G4,STC,MN,Minnesota,AZA,AZ,Arizona,-11.0,0.0,1400-1459,-28.0,0.0,1600-1659,0.0,1259.0
245242,25,4,G4,G4,HGR,MD,Maryland,PIE,FL,Florida,-2.0,0.0,1100-1159,-9.0,0.0,1400-1459,0.0,861.0
564290,17,3,AS,QX,ANC,AK,Alaska,AKN,AK,Alaska,3.0,3.0,1500-1559,-12.0,0.0,1600-1659,0.0,288.0
246131,24,3,G4,G4,SFB,FL,Florida,IAG,NY,New York,-2.0,0.0,0800-0859,,,1100-1159,1.0,996.0
563068,10,3,AS,QX,DLG,AK,Alaska,ANC,AK,Alaska,5.0,5.0,1200-1259,22.0,22.0,1300-1359,0.0,329.0
252607,1,1,HA,HA,HNL,HI,Hawaii,PPG,TT,U.S. Pacific Trust Territories and Possessions,21.0,21.0,1600-1659,4.0,4.0,2100-2159,0.0,2599.0
566500,29,1,AS,QX,DLG,AK,Alaska,ANC,AK,Alaska,223.0,223.0,1200-1259,245.0,245.0,1300-1359,0.0,329.0
549112,10,3,AS,AS,BRW,AK,Alaska,ANC,AK,Alaska,-19.0,0.0,1700-1759,-18.0,0.0,1900-1959,0.0,725.0
242057,12,5,G4,G4,SWF,NY,New York,SFB,FL,Florida,58.0,58.0,1000-1059,71.0,71.0,1200-1259,0.0,965.0
426882,3,3,UA,UA,SPN,TT,U.S. Pacific Trust Territories and Possessions,GUM,TT,U.S. Pacific Trust Territories and Possessions,5.0,5.0,0900-0959,-3.0,0.0,1000-1059,0.0,129.0
293671,5,5,NK,NK,LBE,PA,Pennsylvania,MCO,FL,Florida,-2.0,0.0,1200-1259,-18.0,0.0,1500-1559,0.0,823.0
252618,3,3,HA,HA,PPG,TT,U.S. Pacific Trust Territories and Possessions,HNL,HI,Hawaii,-6.0,0.0,2300-2359,-5.0,0.0,0001-0559,0.0,2599.0
293852,16,2,NK,NK,MCO,FL,Florida,LBE,PA,Pennsylvania,-1.0,0.0,0900-0959,-15.0,0.0,1100-1159,0.0,823.0
554803,20,6,AS,AS,ANC,AK,Alaska,ADK,AK,Alaska,-17.0,0.0,1100-1159,,,1300-1359,1.0,1192.0
293680,14,7,NK,NK,LBE,PA,Pennsylvania,MCO,FL,Florida,-4.0,0.0,1300-1359,-13.0,0.0,1600-1659,0.0,823.0
390152,26,5,UA,UA,SPN,TT,U.S. Pacific Trust Territories and Possessions,GUM,TT,U.S. Pacific Trust Territories and Possessions,-22.0,0.0,0900-0959,-31.0,0.0,1000-1059,0.0,129.0
252620,8,1,HA,HA,PPG,TT,U.S. Pacific Trust Territories and Possessions,HNL,HI,Hawaii,0.0,0.0,2300-2359,2.0,2.0,0001-0559,0.0,2599.0
400883,24,3,UA,UA,SPN,TT,U.S. Pacific Trust Territories and Possessions,GUM,TT,U.S. Pacific Trust Territories and Possessions,-22.0,0.0,0900-0959,-31.0,0.0,1000-1059,0.0,129.0
355814,21,7,DL,OO,SLC,UT,Utah,EKO,NV,Nevada,-7.0,0.0,2100-2159,-29.0,0.0,2100-2159,0.0,200.0
550859,13,6,AS,AS,BRW,AK,Alaska,ANC,AK,Alaska,23.0,23.0,1700-1759,20.0,20.0,1900-1959,0.0,725.0
242826,21,7,G4,G4,TOL,OH,Ohio,PIE,FL,Florida,-11.0,0.0,1900-1959,-36.0,0.0,2100-2159,0.0,945.0
293668,2,2,NK,NK,LBE,PA,Pennsylvania,MCO,FL,Florida,6.0,6.0,1200-1259,8.0,8.0,1500-1559,0.0,823.0
242672,10,3,G4,G4,SFB,FL,Florida,IAG,NY,New York,-14.0,0.0,0800-0859,-23.0,0.0,1100-1159,0.0,996.0
347685,9,2,DL,OO,SLC,UT,Utah,EKO,NV,Nevada,51.0,51.0,2100-2159,63.0,63.0,2100-2159,0.0,200.0
561561,2,2,AS,QX,DLG,AK,Alaska,ANC,AK,Alaska,-10.0,0.0,1200-1259,0.0,0.0,1300-1359,0.0,329.0
563825,14,7,AS,QX,AKN,AK,Alaska,ANC,AK,Alaska,52.0,52.0,1700-1759,43.0,43.0,1800-1859,0.0,288.0
238466,18,4,G4,G4,SWF,NY,New York,PIE,FL,Florida,-4.0,0.0,1100-1159,-13.0,0.0,1500-1559,0.0,1055.0
243761,14,7,G4,G4,CKB,WV,West Virginia,SFB,FL,Florida,13.0,13.0,2100-2159,9.0,9.0,2300-2359,0.0,727.0
335653,30,2,UA,OO,DEN,CO,Colorado,CNY,UT,Utah,14.0,14.0,1400-1459,3.0,3.0,1500-1559,0.0,283.0
355459,25,4,DL,OO,SLC,UT,Utah,EKO,NV,Nevada,28.0,28.0,2100-2159,8.0,8.0,2100-2159,0.0,200.0
332359,11,4,UA,OO,CNY,UT,Utah,DEN,CO,Colorado,-9.0,0.0,1800-1859,-17.0,0.0,1900-1959,0.0,283.0
335994,28,7,UA,OO,CNY,UT,Utah,DEN,CO,Colorado,-10.0,0.0,1800-1859,5.0,5.0,1900-1959,0.0,283.0
245360,13,6,G4,G4,PGD,FL,Florida,IAG,NY,New York,-11.0,0.0,0700-0759,-32.0,0.0,1000-1059,0.0,1129.0
312649,16,2,UA,OO,DEN,CO,Colorado,CNY,UT,Utah,-7.0,0.0,1400-1459,-14.0,0.0,1500-1559,0.0,283.0
241495,22,1,G4,G4,SFB,FL,Florida,HGR,MD,Maryland,-9.0,0.0,1700-1759,-17.0,0.0,1900-1959,0.0,780.0
243777,14,7,G4,G4,TOL,OH,Ohio,PGD,FL,Florida,-20.0,0.0,1100-1159,-14.0,0.0,1400-1459,0.0,1016.0
246357,28,7,G4,G4,LAS,NV,Nevada,SMX,CA,California,-5.0,0.0,1300-1359,-15.0,0.0,1400-1459,0.0,310.0
241442,8,1,G4,G4,TOL,OH,Ohio,PGD,FL,Florida,25.0,25.0,1800-1859,17.0,17.0,2100-2159,0.0,1016.0
240735,5,5,G4,G4,PIE,FL,Florida,CKB,WV,West Virginia,17.0,17.0,1800-1859,5.0,5.0,2000-2059,0.0,798.0
242981,21,7,G4,G4,HGR,MD,Maryland,PIE,FL,Florida,-4.0,0.0,1100-1159,-26.0,0.0,1400-1459,0.0,861.0
242809,2,2,G4,G4,SFB,FL,Florida,HGR,MD,Maryland,21.0,21.0,1800-1859,23.0,23.0,2000-2059,0.0,780.0
238564,1,1,G4,G4,TOL,OH,Ohio,PIE,FL,Florida,1.0,1.0,2000-2059,-18.0,0.0,2300-2359,0.0,945.0
340515,6,6,DL,OO,SLC,UT,Utah,EKO,NV,Nevada,628.0,628.0,2100-2159,678.0,678.0,2100-2159,0.0,200.0
325567,19,5,UA,OO,DEN,CO,Colorado,CNY,UT,Utah,-8.0,0.0,1400-1459,-15.0,0.0,1500-1559,0.0,283.0
562868,9,2,AS,QX,BRW,AK,Alaska,ANC,AK,Alaska,8.0,8.0,1000-1059,8.0,8.0,1200-1259,0.0,725.0
241726,7,7,G4,G4,SWF,NY,New York,SFB,FL,Florida,-11.0,0.0,0900-0959,40.0,40.0,1200-1259,0.0,965.0
293847,11,4,NK,NK,MCO,FL,Florida,LBE,PA,Pennsylvania,-4.0,0.0,1000-1059,-6.0,0.0,1200-1259,0.0,823.0
324997,4,4,UA,OO,CNY,UT,Utah,DEN,CO,Colorado,-9.0,0.0,1800-1859,-17.0,0.0,1900-1959,0.0,283.0
336087,29,1,UA,OO,CNY,UT,Utah,DEN,CO,Colorado,-10.0,0.0,1800-1859,-15.0,0.0,1900-1959,0.0,283.0
452815,25,4,DL,9E,BGM,NY,New York,DTW,MI,Michigan,,,0001-0559,,,0700-0759,1.0,378.0
550238,12,5,AS,AS,ANC,AK,Alaska,BRW,AK,Alaska,16.0,16.0,1400-1459,1.0,1.0,1600-1659,0.0,725.0
246529,28,7,G4,G4,STC,MN,Minnesota,PGD,FL,Florida,1037.0,1037.0,1800-1859,1014.0,1014.0,2200-2259,0.0,1447.0
240472,25,4,G4,G4,PIE,FL,Florida,HGR,MD,Maryland,-13.0,0.0,0800-0859,-12.0,0.0,1000-1059,0.0,861.0
243241,20,6,G4,G4,IAG,NY,New York,SFB,FL,Florida,-18.0,0.0,1500-1559,-27.0,0.0,1800-1859,0.0,996.0
244358,14,7,G4,G4,LAS,NV,Nevada,SMX,CA,California,-13.0,0.0,1400-1459,-17.0,0.0,1500-1559,0.0,310.0
563036,10,3,AS,QX,ANC,AK,Alaska,AKN,AK,Alaska,2.0,2.0,1500-1559,-1.0,0.0,1600-1659,0.0,288.0
242607,8,1,G4,G4,PGD,FL,Florida,PSM,NH,New Hampshire,-10.0,0.0,0700-0759,-20.0,0.0,1000-1059,0.0,1279.0
293837,1,1,NK,NK,MCO,FL,Florida,LBE,PA,Pennsylvania,-4.0,0.0,0900-0959,-5.0,0.0,1100-1159,0.0,823.0
381288,14,7,UA,UA,GUM,TT,U.S. Pacific Trust Territories and Possessions,SPN,TT,U.S. Pacific Trust Territories and Possessions,-13.0,0.0,0800-0859,-17.0,0.0,0800-0859,0.0,129.0
246400,1,1,G4,G4,IAG,NY,New York,PGD,FL,Florida,12.0,12.0,1500-1559,16.0,16.0,1800-1859,0.0,1129.0
245123,15,1,G4,G4,SWF,NY,New York,PGD,FL,Florida,-27.0,0.0,1100-1159,0.0,0.0,1400-1459,0.0,1101.0
346316,6,6,UA,OO,DEN,CO,Colorado,CNY,UT,Utah,-6.0,0.0,1600-1659,-16.0,0.0,1700-1759,0.0,283.0
243128,28,7,G4,G4,SFB,FL,Florida,CKB,WV,West Virginia,-11.0,0.0,1800-1859,-22.0,0.0,2000-2059,0.0,727.0
246694,14,7,G4,G4,PIE,FL,Florida,SWF,NY,New York,-5.0,0.0,0800-0859,-6.0,0.0,1100-1159,0.0,1055.0
244278,14,7,G4,G4,SFB,FL,Florida,PSM,NH,New Hampshire,-8.0,0.0,0700-0759,-30.0,0.0,1000-1059,0.0,1144.0
246909,14,7,G4,G4,IAG,NY,New York,PIE,FL,Florida,24.0,24.0,1100-1159,151.0,151.0,1500-1559,0.0,1069.0
243796,5,5,G4,G4,PGD,FL,Florida,IAG,NY,New York,-13.0,0.0,1600-1659,-25.0,0.0,1900-1959,0.0,1129.0
293862,26,5,NK,NK,MCO,FL,Florida,LBE,PA,Pennsylvania,-9.0,0.0,0900-0959,-19.0,0.0,1100-1159,0.0,823.0
313508,20,6,DL,OO,EKO,NV,Nevada,SLC,UT,Utah,-13.0,0.0,0600-0659,-23.0,0.0,0800-0859,0.0,200.0
562750,8,1,AS,QX,DLG,AK,Alaska,ANC,AK,Alaska,9.0,9.0,1200-1259,24.0,24.0,1300-1359,0.0,329.0
339554,28,7,UA,OO,DEN,CO,Colorado,CNY,UT,Utah,-13.0,0.0,1400-1459,-12.0,0.0,1500-1559,0.0,283.0
243642,11,4,G4,G4,SFB,FL,Florida,PSM,NH,New Hampshire,-7.0,0.0,0700-0759,-27.0,0.0,1000-1059,0.0,1144.0
562576,7,7,AS,QX,AKN,AK,Alaska,ANC,AK,Alaska,-12.0,0.0,1700-1759,-20.0,0.0,1800-1859,0.0,288.0
452807,17,3,DL,9E,BGM,NY,New York,DTW,MI,Michigan,3.0,3.0,0001-0559,-10.0,0.0,0700-0759,0.0,378.0
246016,7,7,G4,G4,SWF,NY,New York,PGD,FL,Florida,-10.0,0.0,2000-2059,-12.0,0.0,2300-2359,0.0,1101.0
556951,24,3,AS,AS,ANC,AK,Alaska,ADK,AK,Alaska,-14.0,0.0,1100-1159,-31.0,0.0,1300-1359,0.0,1192.0
252626,29,1,HA,HA,PPG,TT,U.S. Pacific Trust Territories and Possessions,HNL,HI,Hawaii,13.0,13.0,2300-2359,15.0,15.0,0001-0559,0.0,2599.0
562167,5,5,AS,QX,ANC,AK,Alaska,DLG,AK,Alaska,247.0,247.0,0900-0959,,,1100-1159,1.0,329.0
363036,2,2,DL,OO,SLC,UT,Utah,EKO,NV,Nevada,-2.0,0.0,2100-2159,-3.0,0.0,2100-2159,0.0,200.0
293860,24,3,NK,NK,MCO,FL,Florida,LBE,PA,Pennsylvania,13.0,13.0,0900-0959,-6.0,0.0,1100-1159,0.0,823.0
245638,5,5,G4,G4,IAG,NY,New York,SFB,FL,Florida,-11.0,0.0,1100-1159,-36.0,0.0,1400-1459,0.0,996.0
332513,7,7,UA,OO,LBL,KS,Kansas,DEN,CO,Colorado,-21.0,0.0,1200-1259,-26.0,0.0,1200-1259,0.0,280.0
244985,26,5,G4,G4,SFB,FL,Florida,HGR,MD,Maryland,-7.0,0.0,1700-1759,-21.0,0.0,1900-1959,0.0,780.0
238491,19,5,G4,G4,HGR,MD,Maryland,SFB,FL,Florida,112.0,112.0,2000-2059,107.0,107.0,2200-2259,0.0,780.0
564341,17,3,AS,QX,AKN,AK,Alaska,ANC,AK,Alaska,-11.0,0.0,1700-1759,-4.0,0.0,1800-1859,0.0,288.0
245379,26,5,G4,G4,PGD,FL,Florida,IAG,NY,New York,-6.0,0.0,0700-0759,-30.0,0.0,1000-1059,0.0,1129.0
238833,18,4,G4,G4,PIE,FL,Florida,HGR,MD,Maryland,7.0,7.0,0800-0859,4.0,4.0,1000-1059,0.0,861.0
564514,18,4,AS,QX,ANC,AK,Alaska,DLG,AK,Alaska,-8.0,0.0,1000-1059,-30.0,0.0,1100-1159,0.0,329.0
355351,22,1,DL,OO,EKO,NV,Nevada,SLC,UT,Utah,-8.0,0.0,0600-0659,-16.0,0.0,0800-0859,0.0,200.0
241616,4,4,G4,G4,TOL,OH,Ohio,PGD,FL,Florida,-9.0,0.0,1200-1259,-16.0,0.0,1500-1559,0.0,1016.0
244179,18,4,G4,G4,PSM,NH,New Hampshire,SFB,FL,Florida,4.0,4.0,1100-1159,-7.0,0.0,1400-1459,0.0,1144.0
363474,1,1,DL,OO,EKO,NV,Nevada,SLC,UT,Utah,-10.0,0.0,0800-0859,-4.0,0.0,1000-1059,0.0,200.0
246142,1,1,G4,G4,SFB,FL,Florida,CKB,WV,West Virginia,-16.0,0.0,1300-1359,-18.0,0.0,1500-1559,0.0,727.0
560260,30,2,AS,AS,BRW,AK,Alaska,ANC,AK,Alaska,-5.0,0.0,1700-1759,9.0,9.0,1900-1959,0.0,725.0
452806,16,2,DL,9E,BGM,NY,New York,DTW,MI,Michigan,-3.0,0.0,0001-0559,27.0,27.0,0700-0759,0.0,378.0
244436,6,6,G4,G4,PSM,NH,New Hampshire,SFB,FL,Florida,-15.0,0.0,1900-1959,-10.0,0.0,2200-2259,0.0,1144.0
242765,21,7,G4,G4,TOL,OH,Ohio,PGD,FL,Florida,-3.0,0.0,1100-1159,-18.0,0.0,1400-1459,0.0,1016.0
565254,22,1,AS,QX,DLG,AK,Alaska,ANC,AK,Alaska,-20.0,0.0,1200-1259,-22.0,0.0,1300-1359,0.0,329.0
243508,14,7,G4,G4,SFB,FL,Florida,CKB,WV,West Virginia,27.0,27.0,1800-1859,20.0,20.0,2000-2059,0.0,727.0
553007,17,3,AS,AS,BRW,AK,Alaska,ANC,AK,Alaska,-7.0,0.0,1700-1759,-19.0,0.0,1900-1959,0.0,725.0
240662,12,5,G4,G4,PGD,FL,Florida,SWF,NY,New York,-8.0,0.0,0700-0759,-33.0,0.0,1000-1059,0.0,1101.0
566809,31,3,AS,QX,ANC,AK,Alaska,DLG,AK,Alaska,172.0,172.0,1000-1059,168.0,168.0,1100-1159,0.0,329.0
243453,17,3,G4,G4,STC,MN,Minnesota,AZA,AZ,Arizona,-7.0,0.0,1400-1459,1.0,1.0,1600-1659,0.0,1259.0
565271,22,1,AS,QX,AKN,AK,Alaska,ANC,AK,Alaska,-27.0,0.0,1700-1759,-25.0,0.0,1800-1859,0.0,288.0
252619,4,4,HA,HA,PPG,TT,U.S. Pacific Trust Territories and Possessions,HNL,HI,Hawaii,-7.0,0.0,2300-2359,3.0,3.0,0001-0559,0.0,2599.0
453301,13,6,DL,9E,DTW,MI,Michigan,BGM,NY,New York,118.0,118.0,2100-2159,122.0,122.0,2200-2259,0.0,378.0
544104,2,2,AS,AS,ANC,AK,Alaska,BRW,AK,Alaska,,,1400-1459,,,1600-1659,1.0,725.0
241885,29,1,G4,G4,SFB,FL,Florida,TOL,OH,Ohio,-8.0,0.0,1600-1659,-5.0,0.0,1900-1959,0.0,895.0
243959,28,7,G4,G4,SMX,CA,California,LAS,NV,Nevada,-12.0,0.0,1500-1559,-16.0,0.0,1600-1659,0.0,310.0
546106,5,5,AS,AS,ANC,AK,Alaska,BRW,AK,Alaska,1.0,1.0,1400-1459,-4.0,0.0,1600-1659,0.0,725.0
565248,22,1,AS,QX,ANC,AK,Alaska,DLG,AK,Alaska,-4.0,0.0,1000-1059,-20.0,0.0,1100-1159,0.0,329.0
554122,19,5,AS,AS,BRW,AK,Alaska,ANC,AK,Alaska,-1.0,0.0,1700-1759,-10.0,0.0,1900-1959,0.0,725.0
240446,11,4,G4,G4,PIE,FL,Florida,HGR,MD,Maryland,-9.0,0.0,0800-0859,-22.0,0.0,1000-1059,0.0,861.0
293669,3,3,NK,NK,LBE,PA,Pennsylvania,MCO,FL,Florida,5.0,5.0,1200-1259,-2.0,0.0,1500-1559,0.0,823.0
244012,13,6,G4,G4,STC,MN,Minnesota,AZA,AZ,Arizona,-5.0,0.0,1200-1259,-20.0,0.0,1400-1459,0.0,1259.0
240585,27,6,G4,G4,AZA,AZ,Arizona,STC,MN,Minnesota,-10.0,0.0,0700-0759,-10.0,0.0,1100-1159,0.0,1259.0
239014,7,7,G4,G4,AZA,AZ,Arizona,TOL,OH,Ohio,46.0,46.0,1400-1459,27.0,27.0,1900-1959,0.0,1625.0
239312,4,4,G4,G4,LAS,NV,Nevada,SMX,CA,California,21.0,21.0,1300-1359,14.0,14.0,1400-1459,0.0,310.0
244557,6,6,G4,G4,MYR,SC,South Carolina,SWF,NY,New York,-13.0,0.0,1400-1459,-25.0,0.0,1600-1659,0.0,601.0
350246,17,3,DL,OO,EKO,NV,Nevada,SLC,UT,Utah,,,0600-0659,,,0800-0859,1.0,200.0
293692,26,5,NK,NK,LBE,PA,Pennsylvania,MCO,FL,Florida,-9.0,0.0,1200-1259,2.0,2.0,1500-1559,0.0,823.0
451285,4,4,DL,9E,BGM,NY,New York,LGA,NY,New York,-8.0,0.0,0700-0759,18.0,18.0,0800-0859,0.0,147.0
410302,8,1,UA,UA,SPN,TT,U.S. Pacific Trust Territories and Possessions,GUM,TT,U.S. Pacific Trust Territories and Possessions,-10.0,0.0,0900-0959,-14.0,0.0,1000-1059,0.0,129.0
553084,17,3,AS,AS,ADK,AK,Alaska,ANC,AK,Alaska,-23.0,0.0,1400-1459,10.0,10.0,1800-1859,0.0,1192.0
239802,21,7,G4,G4,PIE,FL,Florida,IAG,NY,New York,-7.0,0.0,0800-0859,-7.0,0.0,1100-1159,0.0,1069.0
362852,4,4,DL,OO,EKO,NV,Nevada,SLC,UT,Utah,-8.0,0.0,0600-0659,-17.0,0.0,0800-0859,0.0,200.0
293858,22,1,NK,NK,MCO,FL,Florida,LBE,PA,Pennsylvania,5.0,5.0,0900-0959,-6.0,0.0,1100-1159,0.0,823.0
244508,2,2,G4,G4,SFB,FL,Florida,TOL,OH,Ohio,-9.0,0.0,1700-1759,-10.0,0.0,1900-1959,0.0,895.0
246470,3,3,G4,G4,PSM,NH,New Hampshire,SFB,FL,Florida,-14.0,0.0,1800-1859,-29.0,0.0,2200-2259,0.0,1144.0
245397,21,7,G4,G4,PGD,FL,Florida,STC,MN,Minnesota,7.0,7.0,1400-1459,2.0,2.0,1700-1759,0.0,1447.0
552527,16,2,AS,AS,ANC,AK,Alaska,BRW,AK,Alaska,-8.0,0.0,1400-1459,-17.0,0.0,1600-1659,0.0,725.0
564161,16,2,AS,QX,ANC,AK,Alaska,DLG,AK,Alaska,-8.0,0.0,1000-1059,-9.0,0.0,1100-1159,0.0,329.0
364318,12,5,DL,OO,SLC,UT,Utah,EKO,NV,Nevada,-4.0,0.0,2100-2159,-12.0,0.0,2100-2159,0.0,200.0
241346,8,1,G4,G4,IAG,NY,New York,PGD,FL,Florida,158.0,158.0,1900-1959,140.0,140.0,2200-2259,0.0,1129.0
241420,22,1,G4,G4,SWF,NY,New York,PGD,FL,Florida,0.0,0.0,1100-1159,-5.0,0.0,1400-1459,0.0,1101.0
243684,20,6,G4,G4,SFB,FL,Florida,IAG,NY,New York,-18.0,0.0,1200-1259,-27.0,0.0,1400-1459,0.0,996.0
419110,18,4,UA,UA,GUM,TT,U.S. Pacific Trust Territories and Possessions,SPN,TT,U.S. Pacific Trust Territories and Possessions,-20.0,0.0,0800-0859,-24.0,0.0,0800-0859,0.0,129.0
293691,25,4,NK,NK,LBE,PA,Pennsylvania,MCO,FL,Florida,-5.0,0.0,1300-1359,-23.0,0.0,1600-1659,0.0,823.0
561711,3,3,AS,QX,ANC,AK,Alaska,AKN,AK,Alaska,-1.0,0.0,1500-1559,2.0,2.0,1600-1659,0.0,288.0
415173,20,6,UA,UA,GUM,TT,U.S. Pacific Trust Territories and Possessions,SPN,TT,U.S. Pacific Trust Territories and Possessions,-7.0,0.0,0800-0859,-10.0,0.0,0800-0859,0.0,129.0
242956,6,6,G4,G4,SWF,NY,New York,PIE,FL,Florida,978.0,978.0,2000-2059,1053.0,1053.0,2300-2359,0.0,1055.0
426881,3,3,UA,UA,GUM,TT,U.S. Pacific Trust Territories and Possessions,SPN,TT,U.S. Pacific Trust Territories and Possessions,-11.0,0.0,0800-0859,-18.0,0.0,0800-0859,0.0,129.0
243312,11,4,G4,G4,SWF,NY,New York,PIE,FL,Florida,-4.0,0.0,1100-1159,-7.0,0.0,1500-1559,0.0,1055.0
332163,2,2,UA,OO,DEN,CO,Colorado,LBL,KS,Kansas,-5.0,0.0,1500-1559,-11.0,0.0,1700-1759,0.0,280.0
241782,10,3,G4,G4,AZA,AZ,Arizona,STC,MN,Minnesota,-6.0,0.0,0900-0959,-11.0,0.0,1300-1359,0.0,1259.0
566653,30,2,AS,QX,ANC,AK,Alaska,DLG,AK,Alaska,228.0,228.0,1000-1059,219.0,219.0,1100-1159,0.0,329.0
377542,16,2,UA,UA,SPN,TT,U.S. Pacific Trust Territories and Possessions,GUM,TT,U.S. Pacific Trust Territories and Possessions,-13.0,0.0,0900-0959,-21.0,0.0,1000-1059,0.0,129.0
245659,7,7,G4,G4,AZA,AZ,Arizona,STC,MN,Minnesota,-6.0,0.0,0700-0759,-34.0,0.0,1100-1159,0.0,1259.0
245910,18,4,G4,G4,CKB,WV,West Virginia,SFB,FL,Florida,6.0,6.0,1900-1959,7.0,7.0,2100-2159,0.0,727.0
564168,16,2,AS,QX,DLG,AK,Alaska,ANC,AK,Alaska,-14.0,0.0,1200-1259,-24.0,0.0,1300-1359,0.0,329.0
388179,27,6,UA,UA,SPN,TT,U.S. Pacific Trust Territories and Possessions,GUM,TT,U.S. Pacific Trust Territories and Possessions,29.0,29.0,0900-0959,28.0,28.0,1000-1059,0.0,129.0
566613,30,2,AS,QX,BRW,AK,Alaska,ANC,AK,Alaska,10.0,10.0,1000-1059,24.0,24.0,1200-1259,0.0,725.0
246144,4,4,G4,G4,PSM,NH,New Hampshire,PGD,FL,Florida,-5.0,0.0,1100-1159,-15.0,0.0,1400-1459,0.0,1279.0
293679,13,6,NK,NK,LBE,PA,Pennsylvania,MCO,FL,Florida,-3.0,0.0,1600-1659,4.0,4.0,1800-1859,0.0,823.0
404698,22,1,UA,UA,SPN,TT,U.S. Pacific Trust Territories and Possessions,GUM,TT,U.S. Pacific Trust Territories and Possessions,-18.0,0.0,0900-0959,-27.0,0.0,1000-1059,0.0,129.0
323631,4,4,UA,OO,LBL,KS,Kansas,DEN,CO,Colorado,,,1200-1259,,,1200-1259,1.0,280.0
363653,3,3,DL,OO,EKO,NV,Nevada,SLC,UT,Utah,-9.0,0.0,0600-0659,-28.0,0.0,0800-0859,0.0,200.0
564120,16,2,AS,QX,BRW,AK,Alaska,ANC,AK,Alaska,,,1000-1059,,,1200-1259,1.0,725.0
246697,4,4,G4,G4,PIE,FL,Florida,HGR,MD,Maryland,-17.0,0.0,1700-1759,-19.0,0.0,2000-2059,0.0,861.0
238498,22,1,G4,G4,PGD,FL,Florida,SWF,NY,New York,-6.0,0.0,0700-0759,-5.0,0.0,1000-1059,0.0,1101.0
451808,1,1,DL,9E,LGA,NY,New York,BGM,NY,New York,-21.0,0.0,1900-1959,-48.0,0.0,2100-2159,0.0,147.0
243028,5,5,G4,G4,PGD,FL,Florida,PSM,NH,New Hampshire,-16.0,0.0,0700-0759,40.0,40.0,1000-1059,0.0,1279.0
293840,4,4,NK,NK,MCO,FL,Florida,LBE,PA,Pennsylvania,2.0,2.0,1000-1059,18.0,18.0,1300-1359,0.0,823.0
325041,1,1,UA,OO,CNY,UT,Utah,DEN,CO,Colorado,-10.0,0.0,1800-1859,-25.0,0.0,1900-1959,0.0,283.0
293865,29,1,NK,NK,MCO,FL,Florida,LBE,PA,Pennsylvania,-6.0,0.0,0900-0959,7.0,7.0,1100-1159,0.0,823.0
452812,22,1,DL,9E,BGM,NY,New York,DTW,MI,Michigan,-2.0,0.0,0001-0559,-22.0,0.0,0700-0759,0.0,378.0
240925,14,7,G4,G4,SMX,CA,California,LAS,NV,Nevada,-21.0,0.0,1600-1659,-20.0,0.0,1800-1859,0.0,310.0
245269,19,5,G4,G4,IAG,NY,New York,PGD,FL,Florida,52.0,52.0,1100-1159,65.0,65.0,1400-1459,0.0,1129.0
243274,12,5,G4,G4,PGD,FL,Florida,IAG,NY,New York,-17.0,0.0,0700-0759,-35.0,0.0,1000-1059,0.0,1129.0
325051,1,1,UA,OO,DEN,CO,Colorado,LBL,KS,Kansas,-6.0,0.0,1500-1559,-8.0,0.0,1700-1759,0.0,280.0
241991,28,7,G4,G4,HGR,MD,Maryland,PIE,FL,Florida,-11.0,0.0,1100-1159,-24.0,0.0,1400-1459,0.0,861.0
375684,17,3,UA,UA,SPN,TT,U.S. Pacific Trust Territories and Possessions,GUM,TT,U.S. Pacific Trust Territories and Possessions,-22.0,0.0,0900-0959,-26.0,0.0,1000-1059,0.0,129.0
244199,2,2,G4,G4,IAG,NY,New York,SFB,FL,Florida,-8.0,0.0,0900-0959,-18.0,0.0,1200-1259,0.0,996.0
406438,10,3,UA,UA,SPN,TT,U.S. Pacific Trust Territories and Possessions,GUM,TT,U.S. Pacific Trust Territories and Possessions,-11.0,0.0,0900-0959,-16.0,0.0,1000-1059,0.0,129.0
242318,12,5,G4,G4,CKB,WV,West Virginia,PIE,FL,Florida,-9.0,0.0,1000-1059,-6.0,0.0,1200-1259,0.0,798.0
245524,11,4,G4,G4,TOL,OH,Ohio,PIE,FL,Florida,13.0,13.0,1900-1959,-5.0,0.0,2100-2159,0.0,945.0
242882,3,3,G4,G4,TOL,OH,Ohio,PIE,FL,Florida,-7.0,0.0,0900-0959,7.0,7.0,1100-1159,0.0,945.0
332123,5,5,UA,OO,DEN,CO,Colorado,LBL,KS,Kansas,-5.0,0.0,1500-1559,0.0,0.0,1700-1759,0.0,280.0
364191,8,1,DL,OO,EKO,NV,Nevada,SLC,UT,Utah,-9.0,0.0,0600-0659,-15.0,0.0,0800-0859,0.0,200.0
550860,13,6,AS,AS,ANC,AK,Alaska,BRW,AK,Alaska,-7.0,0.0,1400-1459,-2.0,0.0,1600-1659,0.0,725.0
243835,2,2,G4,G4,SFB,FL,Florida,IAG,NY,New York,-5.0,0.0,0600-0659,-3.0,0.0,0900-0959,0.0,996.0
239746,7,7,G4,G4,LAS,NV,Nevada,SMX,CA,California,3.0,3.0,1200-1259,13.0,13.0,1400-1459,0.0,310.0
243753,19,5,G4,G4,SFB,FL,Florida,TOL,OH,Ohio,29.0,29.0,1600-1659,29.0,29.0,1900-1959,0.0,895.0
364184,1,1,DL,OO,SLC,UT,Utah,EKO,NV,Nevada,-9.0,0.0,2100-2159,-25.0,0.0,2100-2159,0.0,200.0
241871,25,4,G4,G4,STC,MN,Minnesota,PGD,FL,Florida,18.0,18.0,1800-1859,42.0,42.0,2200-2259,0.0,1447.0
313600,20,6,DL,OO,SLC,UT,Utah,EKO,NV,Nevada,-9.0,0.0,2100-2159,-9.0,0.0,2100-2159,0.0,200.0
347798,18,4,DL,OO,EKO,NV,Nevada,SLC,UT,Utah,-1.0,0.0,0600-0659,-17.0,0.0,0800-0859,0.0,200.0
413443,21,7,UA,UA,SPN,TT,U.S. Pacific Trust Territories and Possessions,GUM,TT,U.S. Pacific Trust Territories and Possessions,-17.0,0.0,0900-0959,-24.0,0.0,1000-1059,0.0,129.0
324092,7,7,UA,OO,LBL,KS,Kansas,DDC,KS,Kansas,-7.0,0.0,1700-1759,-22.0,0.0,1800-1859,0.0,74.0
548607,9,2,AS,AS,BRW,AK,Alaska,ANC,AK,Alaska,58.0,58.0,1700-1759,52.0,52.0,1900-1959,0.0,725.0
360143,15,1,DL,OO,EKO,NV,Nevada,SLC,UT,Utah,-5.0,0.0,0600-0659,-8.0,0.0,0800-0859,0.0,200.0
242257,13,6,G4,G4,TOL,OH,Ohio,PGD,FL,Florida,50.0,50.0,1800-1859,66.0,66.0,2100-2159,0.0,1016.0
558672,27,6,AS,AS,ADK,AK,Alaska,ANC,AK,Alaska,-31.0,0.0,1400-1459,-37.0,0.0,1800-1859,0.0,1192.0
252611,11,4,HA,HA,HNL,HI,Hawaii,PPG,TT,U.S. Pacific Trust Territories and Possessions,2.0,2.0,1600-1659,-7.0,0.0,2100-2159,0.0,2599.0
245731,14,7,G4,G4,PGD,FL,Florida,STC,MN,Minnesota,31.0,31.0,1400-1459,27.0,27.0,1700-1759,0.0,1447.0
241393,11,4,G4,G4,PIE,FL,Florida,TOL,OH,Ohio,12.0,12.0,1500-1559,4.0,4.0,1800-1859,0.0,945.0
559671,29,1,AS,AS,ANC,AK,Alaska,BRW,AK,Alaska,,,1400-1459,,,1600-1659,1.0,725.0
